rank,fit,verdict,type,university,course,degree,universityCity,universityState,domainHits,focus,feePerYear,admissionSemester,admissionModus,detailUrl
"1","80","APPLY","University","Bamberg University","International Software Systems Science","Master of Science, Master","Bamberg","Bavaria","Computer Science","Distributed and Mobile Software Systems, Service-Oriented Software Architectures, Software Analysis and Verification, Communication Systems and Protocols","","Summer and Winter Semester","Without admission restriction","https://www.daad.de/en/studying-in-germany/universities/all-degree-programmes/detail/bamberg-university-international-software-systems-science-w49047/?hec-id=w49047"
"2","80","APPLY","TU","Brandenburgische Technische Universität Cottbus-Senftenberg","Mathematical Data Science","Master of Science, Master","Cottbus","Brandenburg","Mathematics, Media Informatics, Artificial Intelligence, Data Science","Non-convex Optimization, Numerical Simulation, Numerical Linear Algebra, Stochastic Processes, High-dimensional Statistics, Graph Theory, Neural Networks, Distributed Computing, Cryptography, Information Retrieval","","Summer and Winter Semester","Without admission restriction","https://www.daad.de/en/studying-in-germany/universities/all-degree-programmes/detail/brandenburgische-technische-universitaet-cottbus-senftenberg-mathematical-data-science-w72710/?hec-id=w72710"
"3","80","APPLY","University","Chemnitz University of Technology","Automotive Software Engineering","Master of Science, Master","Chemnitz","Saxony","Software Engineering","Automotive Software Technology, Embedded Systems, Real-time and Communication Systems, Computer Science","","Summer and Winter Semester","Without admission restriction","https://www.daad.de/en/studying-in-germany/universities/all-degree-programmes/detail/chemnitz-university-of-technology-automotive-software-engineering-w21156/?hec-id=w21156"
"4","80","APPLY","University","Chemnitz University of Technology","Web Engineering","Master of Science, Master","Chemnitz","Saxony","Computer Science, Software Engineering","Principles of Database Systems, Semantic Web, Modern Data and Information Access Methods, Software Engineering, Web-based Distributed Systems","","Summer and Winter Semester","Without admission restriction","https://www.daad.de/en/studying-in-germany/universities/all-degree-programmes/detail/chemnitz-university-of-technology-web-engineering-w49156/?hec-id=w49156"
"5","80","APPLY","Hochschule","Fachhochschule of Erfurt","Software Engineering","Master, Master","Erfurt","Thuringia","Engineering Informatics","Enterprise Projects, Research Projects","","Summer and Winter Semester","Without admission restriction","https://www.daad.de/en/studying-in-germany/universities/all-degree-programmes/detail/fachhochschule-of-erfurt-software-engineering-w77852/?hec-id=w77852"
"6","80","APPLY","Hochschule","Frankfurt University of Applied Sciences","High Integrity Systems","Master of Science, Master","Frankfurt am Main","Hessen","Software Engineering, Computer Engineering","Software Engineering, System Modelling, Advanced Testing, Data Integrity","","Winter Semester only","Without admission restriction","https://www.daad.de/en/studying-in-germany/universities/all-degree-programmes/detail/frankfurt-university-of-applied-sciences-high-integrity-systems-w9362/?hec-id=w9362"
"7","80","APPLY","University","Paderborn University","Computer Science","Master of Science, Master","Paderborn","North Rhine-Westphalia","Computer Science","Distributed Systems, Networks","","Summer and Winter Semester","Without admission restriction","https://www.daad.de/en/studying-in-germany/universities/all-degree-programmes/detail/paderborn-university-computer-science-w7683/?hec-id=w7683"
"8","80","APPLY","TU","Rhineland-Palatinate Technical University of Kaiserslautern-Landau","Computer Science","Master of Science, Master","Kaiserslautern","Rhineland-Palatinate","Computer Science","Algorithms, Information Systems, Communication Systems, Embedded Systems, Computer Graphics and Visualisation, Intelligent Systems, Robotics, Software Engineering, Verification","","Summer and Winter Semester","Without admission restriction","https://www.daad.de/en/studying-in-germany/universities/all-degree-programmes/detail/rhineland-palatinate-technical-university-of-kaiserslautern-landau-computer-science-w12519/?hec-id=w12519"
"9","80","APPLY","TU","Rhineland-Palatinate Technical University of Kaiserslautern-Landau","Social Informatics","Master of Science, Master","Kaiserslautern","Rhineland-Palatinate","Computer Science","Data Science, Embedded Systems and Robotics, Software Engineering, Information Systems, Intelligent Systems, Distributed and Networked Systems, Visualization and Scientific Computing, AI Ethics","","Summer and Winter Semester","Without admission restriction","https://www.daad.de/en/studying-in-germany/universities/all-degree-programmes/detail/rhineland-palatinate-technical-university-of-kaiserslautern-landau-social-informatics-w42527/?hec-id=w42527"
"10","80","APPLY","University","Ruhr University Bochum","Computer Science","Master of Science, Master","Bochum","North Rhine-Westphalia","Artificial Intelligence, Data Science","Design and Analysis of Computer Systems, Algorithms, Computer Security, Software Engineering, Programming Languages, Artificial Intelligence, Complexity, Data Science","","Summer and Winter Semester","Without admission restriction","https://www.daad.de/en/studying-in-germany/universities/all-degree-programmes/detail/ruhr-university-bochum-computer-science-w74171/?hec-id=w74171"
"11","80","APPLY","TU","Technical University of Hamburg","Computational Science and Engineering","Master of Science, Master","Hamburg","Hamburg","Engineering Informatics","Infotronics, Communication and Media Technology, Media Systems Engineering, Scientific Computing, Software Engineering for Embedded Systems","","Summer and Winter Semester","Without admission restriction","https://www.daad.de/en/studying-in-germany/universities/all-degree-programmes/detail/technical-university-of-hamburg-computational-science-and-engineering-w21012/?hec-id=w21012"
"12","80","APPLY","TU","Technical University of Hamburg","Computer Science","Master of Science, Master","Hamburg","Hamburg","Engineering Informatics","Applied Mathematics, Business Administration, Computer Science, Mathematics, Software Engineering","","Summer and Winter Semester","Without admission restriction","https://www.daad.de/en/studying-in-germany/universities/all-degree-programmes/detail/technical-university-of-hamburg-computer-science-w46833/?hec-id=w46833"
"13","80","APPLY","Hochschule","Technische Hochschule Deggendorf","Applied Computer Science","Master of Science, Master","Deggendorf","Bavaria","Applied Computer Science","Embedded systems, Digitisation, Automation, Communications Technology, Software Development, Geoinformatics, Programming, Automotive, Security Systems, Microcontroller","","Summer and Winter Semester","Without admission restriction","https://www.daad.de/en/studying-in-germany/universities/all-degree-programmes/detail/technische-hochschule-deggendorf-applied-computer-science-w48416/?hec-id=w48416"
"14","80","APPLY","TU","Technische Universität Ilmenau","Data Science","Master of Science, Master","Ilmenau","Thuringia","Mathematics, Computer Science, Data Science","Artificial Intelligence, Machine Learning, Reinforcement Learning, Bayesian Inference, Causal Inference, Data Assimilation, Cloud Computing, Data Management, Uncertainty Quantification, Statistical Analysis","","Summer and Winter Semester","Without admission restriction","https://www.daad.de/en/studying-in-germany/universities/all-degree-programmes/detail/technische-universitaet-ilmenau-data-science-w72756/?hec-id=w72756"
"15","80","APPLY","University","University of Freiburg","Computer Science","Master of Science, Master","Freiburg","Baden-Württemberg","Computer Science","Robotics and Autonomous Intelligent Systems, Artificial Intelligence, Machine Learning, Image Recognition and Computer Graphics, Software Development and Programming Languages, Embedded Systems, Theoretical and Applied Algorithms, Networks and Distributed Systems, Data Management and Communication, Bioinformatics","","Summer and Winter Semester","Without admission restriction","https://www.daad.de/en/studying-in-germany/universities/all-degree-programmes/detail/university-of-freiburg-computer-science-w12313/?hec-id=w12313"
"16","80","APPLY","University","University of Freiburg","Embedded Systems Engineering","Master of Science, Master","Freiburg","Baden-Württemberg","Electrical Engineering, Computer Science","Circuits and Systems, Design and Simulation, Sensor and Actuator Engineering, Reliable Embedded Systems, Distributed Systems, Robotics and Image Recognition","","Summer and Winter Semester","Without admission restriction","https://www.daad.de/en/studying-in-germany/universities/all-degree-programmes/detail/university-of-freiburg-embedded-systems-engineering-w40759/?hec-id=w40759"
"17","80","APPLY","University","University of Rostock","Computer Science International","Master of Science, Master","Rostock","Mecklenburg-West Pomerania","Computer Science","Information Systems, Complex Systems, Databases, Big Data, Data Mining, Machine Learning, Software Engineering, Distributed Systems, Cryptographic Algorithms, Verification Techniques","","Summer and Winter Semester","Without admission restriction","https://www.daad.de/en/studying-in-germany/universities/all-degree-programmes/detail/university-of-rostock-computer-science-international-w65237/?hec-id=w65237"
"18","78","APPLY","University","Lübeck University","Artificial Intelligence","Master of Science, Master","Lübeck","Schleswig-Holstein","Artificial Intelligence, Software Engineering","Machine Learning, Natural Language Processing, Deep Learning, Computer Vision, Parallel Computing, Fairness in AI, Intelligent Agents, Bio-Inspired Computing, Trustworthy AI","","Summer and Winter Semester","Without admission restriction","https://www.daad.de/en/studying-in-germany/universities/all-degree-programmes/detail/luebeck-university-artificial-intelligence-w67910/?hec-id=w67910"
"19","76","APPLY","Hochschule","Berlin School of Applied Sciences (HTW)","Project Management and Data Science","Master of Science, Master","Berlin","Berlin","Data Science","International Project Management, Data Analysis, Statistical Programming, Data Mining, Change Management, Law","8800","Summer and Winter Semester","Without admission restriction","https://www.daad.de/en/studying-in-germany/universities/all-degree-programmes/detail/berlin-school-of-applied-sciences-htw-project-management-and-data-science-w56355/?hec-id=w56355"
"20","76","APPLY","Private","University of Europe for Applied Sciences","DevOps","Master of Science degree, Master","Potsdam","Brandenburg","Systems Engineering, Applied Computer Science, Software Engineering","","","Summer and Winter Semester","Without admission restriction","https://www.daad.de/en/studying-in-germany/universities/all-degree-programmes/detail/university-of-europe-for-applied-sciences-devops-w70241/?hec-id=w70241"
"21","74","APPLY","Private","Fresenius Heidelberg University state-approved university of Hochschule Fresenius für Internationales Management GmbH","SAP Engineering & Analytics","Master's, Master","Heidelberg","Baden-Württemberg","Software Engineering","SAP Business Software, ERP Management, Business Analytics, Database Theory, Product Management","10560","Summer and Winter Semester","Without admission restriction","https://www.daad.de/en/studying-in-germany/universities/all-degree-programmes/detail/fresenius-heidelberg-universitystate-approved-university-of-hochschule-fresenius-fuer-internationales-management-gmbh-sap-engineering-analytics-w72471/?hec-id=w72471"
"22","74","APPLY","Private","SRH University of Applied Sciences Heidelberg","Infomation Technology and Business Transformation","Master of Science (M.Sc.), Master","Heidelberg","Baden-Württemberg","Information Systems and Management, Computer Science","Software Architecture, Data Systems, Cloud Platforms, AI Engineering, Enterprise Data and AI Engineering, Enterprise Cloud and Platform Engineering, DevSecOps, Solution Architecture, Agent-based Systems","9480","Summer and Winter Semester","Without admission restriction","https://www.daad.de/en/studying-in-germany/universities/all-degree-programmes/detail/srh-university-of-applied-sciences-heidelberg-infomation-technology-and-business-transformation-w76948/?hec-id=w76948"
"23","72","APPLY","Private","IU International University","Data Science","Master of Science, Master","Erfurt","Thuringia","Computer Engineering, Data Science","Data Science, Phyton, Academic Work, Statistics, SQL, Cloud Computing, Neural networks and deep learning","6588","Admission in all quarters","Without admission restriction","https://www.daad.de/en/studying-in-germany/universities/all-degree-programmes/detail/iu-international-university-data-science-w64134/?hec-id=w64134"
"24","72","APPLY","Private","IU International University","Computer Science","Master of Science, Master","Erfurt","Thuringia","Data Science","Programming with Python, Advanced Mathematics, Advanced Statistics, Data Science, Algorithmics, Big Data Technologies, Artificial Intelligence, Networks and Distributed Systems","6588","Admission in all quarters","Without admission restriction","https://www.daad.de/en/studying-in-germany/universities/all-degree-programmes/detail/iu-international-university-computer-science-w64341/?hec-id=w64341"
"25","70","APPLY","Hochschule","Augsburg University of Applied Sciences","International Master of Research and Innovation","Master, Master","Augsburg","Bavaria","Information Systems and Management, Computer Science","Wirtschaftspsychologie, Wirtschaftsinformatik, Human Technology Interaction","","Summer and Winter Semester","Without admission restriction","https://www.daad.de/en/studying-in-germany/universities/all-degree-programmes/detail/augsburg-university-of-applied-sciences-international-master-of-research-and-innovation-w76837/?hec-id=w76837"
"26","70","APPLY","University","Berlin University of Technology","Computer Science (Informatik)","Master of Science, Master","Berlin","Berlin","Computer Science","System Engineering, Dependable Systems, Intelligent Systems, Communication Based Systems","","Summer and Winter Semester","Without admission restriction","https://www.daad.de/en/studying-in-germany/universities/all-degree-programmes/detail/berlin-university-of-technology-computer-science-informatik-w15731/?hec-id=w15731"
"27","70","APPLY","Hochschule","Bonn-Rhine-Sieg University of Applied Sciences","Autonomous Systems","Master of Science, Master","Sankt Augustin","North Rhine-Westphalia","Computer Science","Safety and Security of Intelligent Systems, Explainable Robotics, Intelligent Manipulation, Machine Learning, Artificial Intelligence, Autonomous Systems, Intelligent Robots, Systems Engineering, Human Robot Interaction","","Summer and Winter Semester","Without admission restriction","https://www.daad.de/en/studying-in-germany/universities/all-degree-programmes/detail/bonn-rhine-sieg-university-of-applied-sciences-autonomous-systems-w7153/?hec-id=w7153"
"28","70","APPLY","TU","Brandenburgische Technische Universität Cottbus-Senftenberg","Artificial Intelligence","Master, Master","Cottbus","Brandenburg","Robotics, Artificial Intelligence, Software Engineering, Engineering Informatics, Data Science","Software Systems, Programming, Artificial Intelligence, Ethics, Society, Media, Machine Learning, Cognition and Perception","","Summer and Winter Semester","Without admission restriction","https://www.daad.de/en/studying-in-germany/universities/all-degree-programmes/detail/brandenburgische-technische-universitaet-cottbus-senftenberg-artificial-intelligence-w65719/?hec-id=w65719"
"29","70","APPLY","Hochschule","FH Aachen - University of Applied Sciences","Information Systems","Master of Science, Master","Aachen","North Rhine-Westphalia","Computer Science","","","Summer and Winter Semester","Without admission restriction","https://www.daad.de/en/studying-in-germany/universities/all-degree-programmes/detail/fh-aachen-university-of-applied-sciences-information-systems-w70248/?hec-id=w70248"
"30","70","APPLY","Hochschule","FH Aachen - University of Applied Sciences","Information Systems (part-time)","Master of Science, Master","Aachen","North Rhine-Westphalia","Computer Science","","","Summer and Winter Semester","Without admission restriction","https://www.daad.de/en/studying-in-germany/universities/all-degree-programmes/detail/fh-aachen-university-of-applied-sciences-information-systems-part-time-w70606/?hec-id=w70606"
"31","70","APPLY","Hochschule","Hochschule Kaiserslautern (University of Applied Sciences)","Computer Science – degree programme with vocational and academic elements","Master of Science, Master","Zweibrücken","Rhineland-Palatinate","Applied Computer Science","","","Summer and Winter Semester","Without admission restriction","https://www.daad.de/en/studying-in-germany/universities/all-degree-programmes/detail/hochschule-kaiserslautern-university-of-applied-sciences-computer-science-degree-programme-with-vocational-and-academic-elements-w74100/?hec-id=w74100"
"32","70","APPLY","Hochschule","Hochschule Schmalkalden","Applied Computer Science","Master of Science, Master","Schmalkalden","Thuringia","Applied Computer Science, Computer Science","Distributed and Mobile Systems, Knowledge Engineering and Data Science, Software Engineering, Communication Technologies and Security","","Winter Semester only","Without admission restriction","https://www.daad.de/en/studying-in-germany/universities/all-degree-programmes/detail/hochschule-schmalkalden-applied-computer-science-w60464/?hec-id=w60464"
"33","70","APPLY","TU","Karlsruhe Institute of Technology (KIT)","Computational and Data Science","Master of Science, Master","Karlsruhe","Baden-Württemberg","Mathematics, Statistics, Artificial Intelligence, Computer Science, Data Science","Business and Economics, Computational Chemistry, Computational Earth System Sciences, Computational Mechanics and Thermodynamics, Computational Physics, Electrical Engineering and Information Technology, Process Engineering, Robotics and Autonomous Systems","","Summer and Winter Semester","Without admission restriction","https://www.daad.de/en/studying-in-germany/universities/all-degree-programmes/detail/karlsruhe-institute-of-technology-kit-computational-and-data-science-w76982/?hec-id=w76982"
"34","70","APPLY","University","Lübeck University","IT Security","Master of Science, Master","Lübeck","Schleswig-Holstein","Computer Science","","","Summer and Winter Semester","Without admission restriction","https://www.daad.de/en/studying-in-germany/universities/all-degree-programmes/detail/luebeck-university-it-security-w55385/?hec-id=w55385"
"35","70","APPLY","University","Lübeck University","Robotics and Autonomous Systems","Master of Science, Master","Lübeck","Schleswig-Holstein","Computer Science","","","Summer and Winter Semester","Without admission restriction","https://www.daad.de/en/studying-in-germany/universities/all-degree-programmes/detail/luebeck-university-robotics-and-autonomous-systems-w55386/?hec-id=w55386"
"36","70","APPLY","Hochschule","Rhine-Waal University of Applied Sciences","Design and Interaction","Master of Arts, Master","Kamp-Lintfort","North Rhine-Westphalia","Computer Science","Media Design, Creative Technologies, Digital Innovation, Interactive Media, Media Computing, Design, Generative Design, Creative Informatics, Digital Storytelling","","Summer and Winter Semester","Without admission restriction","https://www.daad.de/en/studying-in-germany/universities/all-degree-programmes/detail/rhine-waal-university-of-applied-sciences-design-and-interaction-w44336/?hec-id=w44336"
"37","70","APPLY","TU","Rhineland-Palatinate Technical University of Kaiserslautern-Landau","European Master's degree in Embedded Computing Systems (EMECS)","Master of Science, Master","Kaiserslautern","Rhineland-Palatinate","Computer Science","","","Summer and Winter Semester","Without admission restriction","https://www.daad.de/en/studying-in-germany/universities/all-degree-programmes/detail/rhineland-palatinate-technical-university-of-kaiserslautern-landau-european-masters-degree-in-embedded-computing-systems-emecs-w35054/?hec-id=w35054"
"38","70","APPLY","TU","RWTH Aachen University","Software Systems Engineering","Master of Science, Master","Aachen","North Rhine-Westphalia","Information Technology, Software Engineering","Software Systems Development, Theoretical Foundations of Software Engineering, Communication Systems, Data and Information Management, Applied Computer Science, Software Project Management, System Architecture","","Winter Semester only","Without admission restriction","https://www.daad.de/en/studying-in-germany/universities/all-degree-programmes/detail/rwth-aachen-university-software-systems-engineering-w5622/?hec-id=w5622"
"39","70","APPLY","TU","RWTH Aachen University","Data Science","Master of Science, Master","Aachen","North Rhine-Westphalia","Computer Science","Machine Learning, Statistical Analysis, Data Mining, Systems Engineering, Computer Science, Mathematics, Statistics, Business Analytics, Computational Life Science","","Summer and Winter Semester","Without admission restriction","https://www.daad.de/en/studying-in-germany/universities/all-degree-programmes/detail/rwth-aachen-university-data-science-w64410/?hec-id=w64410"
"40","70","APPLY","University","Saarland University","Visual Computing","Master of Science, Master","Saarbrücken","Saarland","Computer Science","Computer Science, Mathematics, Image Analysis, Imaging, Modelling","","Summer and Winter Semester","Without admission restriction","https://www.daad.de/en/studying-in-germany/universities/all-degree-programmes/detail/saarland-university-visual-computing-w16715/?hec-id=w16715"
"41","70","APPLY","University","Saarland University","Mathematics and Computer Science","Master of Science, Master","Saarbrücken","Saarland","Mathematics, Computer Science, Theoretical Computer Science","Theoretical or Pure Mathematics, Practical Computer Science, Technical Computer Science, Theoretical Computer Science","","Summer and Winter Semester","Without admission restriction","https://www.daad.de/en/studying-in-germany/universities/all-degree-programmes/detail/saarland-university-mathematics-and-computer-science-w54198/?hec-id=w54198"
"42","70","APPLY","University","Saarland University","Embedded Systems","Master of Science, Master","Saarbrücken","Saarland","Computer Science","Computer Science, Embedded Systems","","Summer and Winter Semester","Without admission restriction","https://www.daad.de/en/studying-in-germany/universities/all-degree-programmes/detail/saarland-university-embedded-systems-w58645/?hec-id=w58645"
"43","70","APPLY","University","Saarland University","Data Science and Artificial Intelligence","Master of Science, Master","Saarbrücken","Saarland","Artificial Intelligence, Applied Computer Science, Computer Science","Artificial Intelligence, Machine Learning, Database Systems","","Summer and Winter Semester","Without admission restriction","https://www.daad.de/en/studying-in-germany/universities/all-degree-programmes/detail/saarland-university-data-science-and-artificial-intelligence-w63909/?hec-id=w63909"
"44","70","APPLY","University","Saarland University","Cybersecurity","Master of Science, Master","Saarbrücken","Saarland","Artificial Intelligence, Applied Computer Science, Computer Science, Practical Computer Science, Software Engineering","Cyber-Security, IT Security, Secure Computer Systems, Privacy – Personal Data Protection in the Digital World, Cryptography, Malware, Cyber Attacks, Usable Security, Web Security, Machine Learning in Cybersecurity","","Summer and Winter Semester","Without admission restriction","https://www.daad.de/en/studying-in-germany/universities/all-degree-programmes/detail/saarland-university-cybersecurity-w64998/?hec-id=w64998"
"45","70","APPLY","University","Saarland University","Quanteninformationstheorie","Master of Science, Master","Saarbrücken","Saarland","Mathematics, Computer Science","Mathematische Grundlagen der Quanteninformationstheorie, Quantenalgorithmen, Nachrichtenübertragung mit Quanten","","Summer and Winter Semester","Without admission restriction","https://www.daad.de/en/studying-in-germany/universities/all-degree-programmes/detail/saarland-university-quanteninformationstheorie-w77369/?hec-id=w77369"
"46","70","APPLY","University","Saarland University","Computer science","Master of Science, Master","Saarbrücken","Saarland","Computer Science","Security and Privacy, Security, Telecommunications, Image Processing and Computer Vision, Compiler Construction, Verification Complexity Theory, Complexity Theory, etc., Human-Computer Interaction, Machine Learning Human-Computer-Interaction, Artificial Intelligence","","Summer and Winter Semester","Without admission restriction","https://www.daad.de/en/studying-in-germany/universities/all-degree-programmes/detail/saarland-university-computer-science-w7881/?hec-id=w7881"
"47","70","APPLY","TU","Technical University of Applied Sciences of Central Hesse - THM","Control, Computer and Communications Engineering","Master of Science, Master","Gießen, Friedberg","Hessen","Information Technology, Communications Technology, Computer Engineering","Control Engineering, Computer Engineering, Communications Engineering, Without specialisation","","Summer and Winter Semester","Without admission restriction","https://www.daad.de/en/studying-in-germany/universities/all-degree-programmes/detail/technical-university-of-applied-sciences-of-central-hesse-thm-control-computer-and-communications-engineering-w61781/?hec-id=w61781"
"48","70","APPLY","TU","Technical University of Darmstadt","IT Security","Master of Science, Master","Darmstadt","Hessen","Computer Science","Cryptography and Foundations, Systems and Communication Security, Software and Application Security, Complementary topics (also without direct IT security reference)","","Summer and Winter Semester","Without admission restriction","https://www.daad.de/en/studying-in-germany/universities/all-degree-programmes/detail/technical-university-of-darmstadt-it-security-w29660/?hec-id=w29660"
"49","70","APPLY","TU","Technical University of Darmstadt","Data and Discourse Studies","Master of Arts, Master","Darmstadt","Hessen","Computational Linguistics, Data Science","Discourse analysis, Literary Studies, Linguistics, History, Computer Science, Political Science, Philosophy, Digital Humanities","","Summer and Winter Semester","Without admission restriction","https://www.daad.de/en/studying-in-germany/universities/all-degree-programmes/detail/technical-university-of-darmstadt-data-and-discourse-studies-w63866/?hec-id=w63866"
"50","70","APPLY","TU","Technical University of Darmstadt","Artificial Intelligence and Machine Learning","Master of Science, Master","Darmstadt","Hessen","Artificial Intelligence, Engineering Informatics","Foundations of Artificial Intelligence, AI Models and Methods, AI Systems, AI Domains and Applications","","Summer and Winter Semester","Without admission restriction","https://www.daad.de/en/studying-in-germany/universities/all-degree-programmes/detail/technical-university-of-darmstadt-artificial-intelligence-and-machine-learning-w69294/?hec-id=w69294"
"51","70","APPLY","TU","Technical University of Darmstadt","Computer Science","Master of Science, Master","Darmstadt","Hessen","Applied Computer Science, Computer Science, Theoretical Computer Science, Engineering Informatics, Data Science","Software, Hardware, Practical Computer Science, Technical Computer Science, Applied Computer Science, Data Science and Engineering, Data Systems Applications","","Summer and Winter Semester","Without admission restriction","https://www.daad.de/en/studying-in-germany/universities/all-degree-programmes/detail/technical-university-of-darmstadt-computer-science-w69295/?hec-id=w69295"
"52","70","APPLY","Hochschule","Technische Hochschule Brandenburg","Interactive Media","Master of Science, Master","Brandenburg","Brandenburg","Media Informatics, Applied Computer Science","Interactive Media","644","Summer and Winter Semester","Without admission restriction","https://www.daad.de/en/studying-in-germany/universities/all-degree-programmes/detail/technische-hochschule-brandenburg-interactive-media-w73172/?hec-id=w73172"
"53","70","APPLY","TU","TU Dortmund University","Econometrics","Master of Science, Master","Dortmund","North Rhine-Westphalia","Applied Mathematics, Statistics, Artificial Intelligence, Data Science","Ökonometrische Methoden und Modelle, Kausalanalyse und Wirkungsabschätzung, Statistische Inferenz und Hypothesentests, Zeitreihen- und Finanzökonometrie, Program Evaluation und Policy Analysis","","Summer and Winter Semester","Without admission restriction","https://www.daad.de/en/studying-in-germany/universities/all-degree-programmes/detail/tu-dortmund-university-econometrics-w64087/?hec-id=w64087"
"54","70","APPLY","TU","TU Dortmund University","Data Science","Master of Science, Master","Dortmund","North Rhine-Westphalia","Applied Mathematics, Statistics, Artificial Intelligence, Applied Computer Science, Data Science","Datenanalyse, Deep Learning, Künstliche Intelligenz, Maschinelles Lernen, Numerische Verfahren, Optimierung, Statistik","","Summer and Winter Semester","Without admission restriction","https://www.daad.de/en/studying-in-germany/universities/all-degree-programmes/detail/tu-dortmund-university-data-science-w7041/?hec-id=w7041"
"55","70","APPLY","Hochschule","University of Applied Sciences for Medium-Sized Companies (FHM)","General Technology Management","Master of Business Administration, Master","Bielefeld, Köln, Frechen, Bamberg, Rostock, Hannover, Berlin, Waldshut-Tiengen","North Rhine-Westphalia, Bavaria, Mecklenburg-West Pomerania, Lower Saxony, Berlin, Baden-Württemberg","Technology Management, Data Science","","","Admission in all trimesters","Without admission restriction","https://www.daad.de/en/studying-in-germany/universities/all-degree-programmes/detail/university-of-applied-sciences-for-medium-sized-companies-fhm-general-technology-management-w64989/?hec-id=w64989"
"56","70","APPLY","Hochschule","University of Applied Sciences Neubrandenburg","Geomatics","Master of Engineering, Master","Neubrandenburg","Mecklenburg-West Pomerania","Engineering Informatics","Geoinformatics, Geodesy","","Summer and Winter Semester","Without admission restriction","https://www.daad.de/en/studying-in-germany/universities/all-degree-programmes/detail/university-of-applied-sciences-neubrandenburg-geomatics-w14504/?hec-id=w14504"
"57","70","APPLY","University","University of Augsburg","Geo-informatics","Master of Science, Master","Augsburg","Bavaria","Geoinformatics, Applied Computer Science","Analysis of Geographical Processes and Spatial Data, Geosimulation, Geographical Process Modelling and Visualisation, Visual Geodata Mining","","Summer and Winter Semester","Without admission restriction","https://www.daad.de/en/studying-in-germany/universities/all-degree-programmes/detail/university-of-augsburg-geo-informatics-w39353/?hec-id=w39353"
"58","70","APPLY","University","University of Augsburg","Medical Information Sciences","Master of Science, Master","Augsburg","Bavaria","Medical Informatics, Applied Computer Science","Medical Data Science, Digital Health, Personalized Medicine, Healthcare IT, Medical Informatics, Bioinformatics, Medical Image and Signal Processing, Database Systems","","Summer and Winter Semester","Without admission restriction","https://www.daad.de/en/studying-in-germany/universities/all-degree-programmes/detail/university-of-augsburg-medical-information-sciences-w65058/?hec-id=w65058"
"59","70","APPLY","University","University of Erlangen-Nuremberg","Data Science","Master of Science, Master","Erlangen","Bavaria","Data Science","","","Summer and Winter Semester","Without admission restriction","https://www.daad.de/en/studying-in-germany/universities/all-degree-programmes/detail/university-of-erlangen-nuremberg-data-science-w64790/?hec-id=w64790"
"60","70","APPLY","University","University of Hannover","Computational Methods in Engineering","Master of Science, Master","Hannover","Lower Saxony","Information Technology, Communications Technology, Engineering Informatics","Mathematics, Computer Science, Mechanics, Modelling, Simulation","","Summer and Winter Semester","Without admission restriction","https://www.daad.de/en/studying-in-germany/universities/all-degree-programmes/detail/university-of-hannover-computational-methods-in-engineering-w57774/?hec-id=w57774"
"61","70","APPLY","University","University of Konstanz","Computer and Information Science","Master of Science, Master","Konstanz","Baden-Württemberg","Computer Science","Algorithmics, Data Science, Interactive Systems, Software and Systems, Visual Computing, Media Design Exhibition","","Summer and Winter Semester","Without admission restriction","https://www.daad.de/en/studying-in-germany/universities/all-degree-programmes/detail/university-of-konstanz-computer-and-information-science-w6312/?hec-id=w6312"
"62","70","APPLY","University","University of Magdeburg","Computational Methods in Engineering","Master of Science, Master","Magdeburg","Saxony-Anhalt","Electrical Engineering, Applied Mathematics, Software Engineering","Numerical Simulation, Structural Analysis, Fluid Mechanics, Thermomechanical Processes, Electromechanical Interactions, Optimization, Multibody Dynamics, Biomechanics","","Winter Semester only","Without admission restriction","https://www.daad.de/en/studying-in-germany/universities/all-degree-programmes/detail/university-of-magdeburg-computational-methods-in-engineering-w68078/?hec-id=w68078"
"63","70","APPLY","University","University of Magdeburg","Data and Knowledge Engineering","Master of Science, Master","Magdeburg","Saxony-Anhalt","Computer Science","Knowledge Discovery, Machine Learning, Data Mining, Data Warehousing, Database Technology, Data Representation, Knowledge Representation","","Summer and Winter Semester","Without admission restriction","https://www.daad.de/en/studying-in-germany/universities/all-degree-programmes/detail/university-of-magdeburg-data-and-knowledge-engineering-w7429/?hec-id=w7429"
"64","70","APPLY","University","University of Marburg","Business Mathematics","Master of Science, Master","Marburg","Hessen","Mathematics, Computer Science","Stochastics and Statistics, Finance and Insurance Mathematics, Accounting and Finance, Innovation and Information, Market-Oriented Company Management, Applied Mathematics, Numerics and optimisation","","Summer and Winter Semester","Without admission restriction","https://www.daad.de/en/studying-in-germany/universities/all-degree-programmes/detail/university-of-marburg-business-mathematics-w7727/?hec-id=w7727"
"65","70","APPLY","University","University of Passau","Mathematics","Master of Science, Master","Passau","Bavaria","Applied Mathematics, Mathematics, Computer Science","Algebra and Discrete Structures, Applied Analysis and Optimization, Functional Analysis and Stochastics, AI and Data Science, Applications, Occupational Skills","","Summer and Winter Semester","Without admission restriction","https://www.daad.de/en/studying-in-germany/universities/all-degree-programmes/detail/university-of-passau-mathematics-w59180/?hec-id=w59180"
"66","70","APPLY","University","University of Passau","Artificial Intelligence Engineering","Master of Science, Master","Passau","Bavaria","Applied Mathematics, Media Informatics, Artificial Intelligence, Applied Computer Science, Computer Engineering, Data Science","Algorithm Engineering and Mathematical Modelling, Artificial Intelligence Methods, Artificial Intelligence System Engineering, Artificial Intelligence Applications, Cross-Cutting Concerns","","Summer and Winter Semester","Without admission restriction","https://www.daad.de/en/studying-in-germany/universities/all-degree-programmes/detail/university-of-passau-artificial-intelligence-engineering-w64792/?hec-id=w64792"
"67","70","APPLY","University","University of Rostock","Computational Engineering","Master of Science, Master","Rostock","Mecklenburg-West Pomerania","Computer Engineering","Applied Mathematics, Computational Methods, Software Concepts, Data Management, Visualisation","","Summer and Winter Semester","Without admission restriction","https://www.daad.de/en/studying-in-germany/universities/all-degree-programmes/detail/university-of-rostock-computational-engineering-w7029/?hec-id=w7029"
"68","70","APPLY","University","University of Siegen","Quantum Science","Master of Science, Master","Siegen","North Rhine-Westphalia","Electrical Engineering, Mathematics, Computer Science","","","Summer and Winter Semester","Without admission restriction","https://www.daad.de/en/studying-in-germany/universities/all-degree-programmes/detail/university-of-siegen-quantum-science-w68439/?hec-id=w68439"
"69","70","APPLY","University","University of Stuttgart","Computational Linguistics","Master of Science, Master","Stuttgart","Baden-Württemberg","Computational Linguistics, Computer Science","Computer Linguistics, Natural Language Processing, Natural Language Processing, Applied Linguistics, Computer Science, Programming","","Summer and Winter Semester","Without admission restriction","https://www.daad.de/en/studying-in-germany/universities/all-degree-programmes/detail/university-of-stuttgart-computational-linguistics-w39397/?hec-id=w39397"
"70","70","APPLY","University","University of Stuttgart","Computer Science","Master of Science, Master","Stuttgart","Baden-Württemberg","Computer Science","Theoretical Computer Science, Visual Computing, Information Visualisation and Scientific Visualisation, Autonomous Systems, Robotics and Artificial Intelligence, Service Technology and Engineering, Business Process Management, Data Engineering, Information Security","","Summer and Winter Semester","Without admission restriction","https://www.daad.de/en/studying-in-germany/universities/all-degree-programmes/detail/university-of-stuttgart-computer-science-w42091/?hec-id=w42091"
"71","70","APPLY","University","University of Ulm","Artificial Intelligence for Connected Industries (AI4CI)","Master, Master","Ulm","Baden-Württemberg","Electrical Engineering, Automation Technology, Robotics, Computer Science, Software Engineering","Systems and Networks, Automatics and Robots, Processes and Data Management","","Summer and Winter Semester","Without admission restriction","https://www.daad.de/en/studying-in-germany/universities/all-degree-programmes/detail/university-of-ulm-artificial-intelligence-for-connected-industries-ai4ci-w72793/?hec-id=w72793"
"72","70","APPLY","Hochschule","West Saxon University of Applied Sciences of Zwickau","Management and Information Technology","Master of Science (MSc), Master","Zwickau","Saxony","Information Systems and Management, Computer Science","","1000","Winter Semester only","Without admission restriction","https://www.daad.de/en/studying-in-germany/universities/all-degree-programmes/detail/west-saxon-university-of-applied-sciences-of-zwickau-management-and-information-technology-w70087/?hec-id=w70087"
"73","68","MAYBE","Hochschule","Hof University of Applied Sciences","Software Engineering for Industrial Applications","Master of Engineering, Master","Hof","Bavaria","Computer Engineering","Software Engineering, Project Management, Component-Oriented Development, Cloud Computing, Internet of Things, Mobile Computing, Non-Relational Databases, Industry 4.0","6300","Summer and Winter Semester","Without admission restriction","https://www.daad.de/en/studying-in-germany/universities/all-degree-programmes/detail/hof-university-of-applied-sciences-software-engineering-for-industrial-applications-w7790/?hec-id=w7790"
"74","66","MAYBE","Hochschule","Fachhochschule of Wedel","IT Engineering","Master of Science, Master","Wedel","Schleswig-Holstein","Engineering Informatics","IT Security, Cryptography, Robotics, Technical Optics, Manufacturing","5280","Summer and Winter Semester","Without admission restriction","https://www.daad.de/en/studying-in-germany/universities/all-degree-programmes/detail/fachhochschule-of-wedel-it-engineering-w49070/?hec-id=w49070"
"75","66","MAYBE","TU","Karlsruhe Institute of Technology (KIT)","Information Systems Engineering and Management","Master of Science, Master","Karlsruhe","Baden-Württemberg","Information Technology, Computer Science","IoT and (critical) digital infrastructure, Blockchain Technology, Software & Systems Engineering, Cloud Computing, Artificial Intelligence (AI) and Machine Learning, Big Data Management, Business Data Strategy and Analytics, IT Security and Privacy","15000","Admission only in the winter trimester","Without admission restriction","https://www.daad.de/en/studying-in-germany/universities/all-degree-programmes/detail/karlsruhe-institute-of-technology-kit-information-systems-engineering-and-management-w64274/?hec-id=w64274"
"76","66","MAYBE","TU","Rhineland-Palatinate Technical University of Kaiserslautern-Landau","Software Engineering for Embedded Systems","Master of Engineering, Master","Kaiserslautern","Rhineland-Palatinate","Software Engineering","Project Management, Software Engineering, Software Development, Requirements Engineering, Product Line Engineering, Architectural Design, Software Testing, Component-based Software Development, Real-time Systems, Machine Learning","5100","Winter Semester only","Without admission restriction","https://www.daad.de/en/studying-in-germany/universities/all-degree-programmes/detail/rhineland-palatinate-technical-university-of-kaiserslautern-landau-software-engineering-for-embedded-systems-w21692/?hec-id=w21692"
"77","66","MAYBE","Private","University of Europe for Applied Sciences","Data Science","Master of Science degree, Master","Potsdam","Brandenburg","Data Science","Marketing, Entrepreneurship, Customer Relationship Management","","Summer and Winter Semester","Without admission restriction","https://www.daad.de/en/studying-in-germany/universities/all-degree-programmes/detail/university-of-europe-for-applied-sciences-data-science-w65199/?hec-id=w65199"
"78","66","MAYBE","Private","University of Europe for Applied Sciences","IoT Devices & Smart Services","Master of Science degree, Master","Potsdam","Brandenburg","Systems Engineering, Artificial Intelligence, Data Science","","","Summer and Winter Semester","Without admission restriction","https://www.daad.de/en/studying-in-germany/universities/all-degree-programmes/detail/university-of-europe-for-applied-sciences-iot-devices-smart-services-w70240/?hec-id=w70240"
"79","64","MAYBE","Private","IU International University","DevOps and Cloud Computing","Master of Science, Master","Erfurt","Thuringia","Software Engineering","","6588","Admission in all quarters","Without admission restriction","https://www.daad.de/en/studying-in-germany/universities/all-degree-programmes/detail/iu-international-university-devops-and-cloud-computing-w67862/?hec-id=w67862"
"80","64","MAYBE","Private","SRH University of Applied Sciences Heidelberg","Applied Data Science & Artificial Intelligence","Master of Science, Master","Hamburg, Heidelberg, Fürth","Hamburg, Baden-Württemberg","Computer Science","Data Management, Big Data, Data Protection, Data Analytics, Research and Ethics, Software Engineering & Programming (Full-Time)","9960","Summer and Winter Semester","Selection procedure / qualifying examination","https://www.daad.de/en/studying-in-germany/universities/all-degree-programmes/detail/srh-university-of-applied-sciences-heidelberg-applied-data-science-artificial-intelligence-w59419/?hec-id=w59419"
"81","64","MAYBE","Private","SRH University of Applied Sciences Heidelberg","Computer Science - Big Data and Artificial Intelligence","Master of Science, Master","Berlin, Leipzig","Berlin, Saxony","Artificial Intelligence, Applied Computer Science, Computer Science, Data Science","Cloud Computing, Big Data, Artificial Intelligence, Machine Learning, Software Development, Programming","9000","Summer and Winter Semester","Without admission restriction","https://www.daad.de/en/studying-in-germany/universities/all-degree-programmes/detail/srh-university-of-applied-sciences-heidelberg-computer-science-big-data-and-artificial-intelligence-w64006/?hec-id=w64006"
"82","62","MAYBE","Hochschule","Bielefeld University of Applied Sciences and Arts (HSBI)","Data Science (Research Master)","Master of Science, Master","Gütersloh","North Rhine-Westphalia","Statistics, Robotics, Artificial Intelligence, Applied Computer Science, Computer Science, Data Science","Data Science, Applied research","","Summer and Winter Semester","Local admission restriction","https://www.daad.de/en/studying-in-germany/universities/all-degree-programmes/detail/bielefeld-university-of-applied-sciences-and-arts-hsbi-data-science-research-master-w70803/?hec-id=w70803"
"83","62","MAYBE","Hochschule","Rhine-Waal University of Applied Sciences","Information Engineering and Computer Science","Master of Science, Master","Kamp-Lintfort","North Rhine-Westphalia","Geoinformatics, Computer Science","Transport Industry, Software Engineering, IT-Based Logistics, Ambient Intelligence, Statistics, Environmental Informatics, Analysis and Monitoring, Information Systems, Data Acquisition and Data Analysis, Data Mining, Machine Learning","","Summer and Winter Semester","Local admission restriction","https://www.daad.de/en/studying-in-germany/universities/all-degree-programmes/detail/rhine-waal-university-of-applied-sciences-information-engineering-and-computer-science-w44338/?hec-id=w44338"
"84","62","MAYBE","Hochschule","Stuttgart University of Applied Sciences","Software Technology","Master of Science, Master","Stuttgart","Baden-Württemberg","Software Engineering, Computer Engineering","Software Development, Information Management, Computer Networks, Electronic Commerce","","Summer and Winter Semester","Local admission restriction","https://www.daad.de/en/studying-in-germany/universities/all-degree-programmes/detail/stuttgart-university-of-applied-sciences-software-technology-w5965/?hec-id=w5965"
"85","62","MAYBE","Hochschule","Technische Hochschule Köln","Digital Sciences","Master of Science, Master","Gummersbach, Köln","North Rhine-Westphalia","Computer Science, Data Science","IT Management, Business Information Systems, Software Architecture, Data and Information Science","","Summer and Winter Semester","Local admission restriction","https://www.daad.de/en/studying-in-germany/universities/all-degree-programmes/detail/technische-hochschule-koeln-digital-sciences-w64881/?hec-id=w64881"
"86","62","MAYBE","University","University of Hannover","Computer Science","Master of Science, Master","Hannover","Lower Saxony","Computer Science, Practical Computer Science, Software Engineering","Real-time systems and energy informatics, Information Retrieval and Intelligent Systems, IT Security and Human-Computer Interaction, Software Engineering and Simulation, System and Computer Architecture, Theoretical Computer Science, Visual Analytics and Knowledge-Based Systems, Computational Health Informatics, Databases and Information Systems, Data Science and Digital Libraries","","Summer and Winter Semester","Local admission restriction","https://www.daad.de/en/studying-in-germany/universities/all-degree-programmes/detail/university-of-hannover-computer-science-w70166/?hec-id=w70166"
"87","62","MAYBE","University","University of Hildesheim","Software Engineering (International Master’s degree)","Master of Science, Master","Hildesheim","Lower Saxony","Artificial Intelligence, Applied Computer Science, Computer Science, Practical Computer Science, Software Engineering","Software Engineering, Software Architecture and Design, Requirements Engineering, Model-Based Software Engineering, Programming Languages and Tools","","Summer and Winter Semester","Local admission restriction","https://www.daad.de/en/studying-in-germany/universities/all-degree-programmes/detail/university-of-hildesheim-software-engineering-international-masters-degree-w71290/?hec-id=w71290"
"88","62","MAYBE","University","University of Marburg","Data Science","Master of Science, Master","Marburg","Hessen","Applied Mathematics, Computer Science, Data Science","Machine Learning, Software Development of Scalable Systems, Big - Data Technology, Statistical Data Analysis (Analytics), Scientific Computing","","Summer and Winter Semester","Selection procedure / qualifying examination","https://www.daad.de/en/studying-in-germany/universities/all-degree-programmes/detail/university-of-marburg-data-science-w53975/?hec-id=w53975"
"89","62","MAYBE","University","University of Marburg","Computer Science","Master of Science, Master","Marburg","Hessen","Computer Science, Software Engineering","Database Systems, Data bionics, Formal Methods, Graphics and Multimedia, Parallelism and programming languages, Programming languages ??and tools, Software Engineering, Distributed Systems","","Summer and Winter Semester","Selection procedure / qualifying examination","https://www.daad.de/en/studying-in-germany/universities/all-degree-programmes/detail/university-of-marburg-computer-science-w7728/?hec-id=w7728"
"90","62","MAYBE","University","University of Regensburg","Computer Science","Master of Science, Master","Regensburg","Bavaria","Mathematics, Practical Computer Science, Theoretical Computer Science","Software Engineering, Bioinformatics, Machine Learning, Explainable AI, Computer Architecture, Computer Networks, Data Engineering, Core Computer Science, Human-Centred Computing, Information Systems","","Summer and Winter Semester","Selection procedure / qualifying examination","https://www.daad.de/en/studying-in-germany/universities/all-degree-programmes/detail/university-of-regensburg-computer-science-w73744/?hec-id=w73744"
"91","60","MAYBE","TU","Brandenburgische Technische Universität Cottbus-Senftenberg","Cyber Security","Master of Science, Master","Cottbus","Brandenburg","Applied Computer Science, Computer Science, Computer Engineering","Cryptography, IT Security Law, Pervasive System Security, Security of Resource-Constraint Systems, Neural Networks in Learning Theory","","Winter Semester only","Without admission restriction","https://www.daad.de/en/studying-in-germany/universities/all-degree-programmes/detail/brandenburgische-technische-universitaet-cottbus-senftenberg-cyber-security-w58891/?hec-id=w58891"
"92","60","MAYBE","Hochschule","Mittweida University of Applied Sciences","Applied Mathematics for Network and Data Sciences","Master of Science, Master","Mittweida","Saxony","Applied Mathematics, Applied Computer Science","Cryptography, Mathematical Network Analysis, Computational Intelligence, Data Compression","214","Winter Semester only","Without admission restriction","https://www.daad.de/en/studying-in-germany/universities/all-degree-programmes/detail/mittweida-university-of-applied-sciences-applied-mathematics-for-network-and-data-sciences-w41989/?hec-id=w41989"
"93","60","MAYBE","University","Ruhr University Bochum","Computational Engineering","Master of Science, Master","Bochum","North Rhine-Westphalia","Computer Science, Computer Engineering, Engineering Informatics","Finite Element Modelling and Simulation, Computer-Oriented Design, Computational Mechanics","","Winter Semester only","Without admission restriction","https://www.daad.de/en/studying-in-germany/universities/all-degree-programmes/detail/ruhr-university-bochum-computational-engineering-w6061/?hec-id=w6061"
"94","60","MAYBE","TU","RWTH Aachen University","Simulation Sciences","Master of Science, Master","Aachen","North Rhine-Westphalia","Computer Science","Methodology, Principles and Applications of Simulation Science","","Winter Semester only","Without admission restriction","https://www.daad.de/en/studying-in-germany/universities/all-degree-programmes/detail/rwth-aachen-university-simulation-sciences-w29632/?hec-id=w29632"
"95","60","MAYBE","University","Saarland University","Language, Science and Technology","Master of Science, Master","Saarbrücken","Saarland","Computational Linguistics, Computer Science","Computational Linguistics, Computational Psycholinguistics, Language Technology, Phonetics and Speech Technology","","Winter Semester only","Without admission restriction","https://www.daad.de/en/studying-in-germany/universities/all-degree-programmes/detail/saarland-university-language-science-and-technology-w7425/?hec-id=w7425"
"96","60","MAYBE","TU","Technical University of Darmstadt","Cognitive Science","Master of Science, Master","Darmstadt","Hessen","Computer Science","Cognitive Science","","Winter Semester only","Without admission restriction","https://www.daad.de/en/studying-in-germany/universities/all-degree-programmes/detail/technical-university-of-darmstadt-cognitive-science-w63850/?hec-id=w63850"
"97","60","MAYBE","TU","Technical University of Hamburg","Data Science","Master of Science, Master","Hamburg","Hamburg","Electrical Engineering, Mathematics, Engineering Informatics","Data Science, Computer Science, Statistical Methods, Computational Methods, Software Design, Speech Recognition, Object Recognition, Automation Systems","","Winter Semester only","Without admission restriction","https://www.daad.de/en/studying-in-germany/universities/all-degree-programmes/detail/technical-university-of-hamburg-data-science-w66982/?hec-id=w66982"
"98","60","MAYBE","Hochschule","Technische Hochschule Deggendorf","Artificial Intelligence and Data Science","Master of Science, Master","Deggendorf","Bavaria","Computer Science, Data Science","AI, Artificial intelligence (AI), Computational Intelligence, Advanced Data Storage and Analyses, Machine Learning","","Summer Semester only","Without admission restriction","https://www.daad.de/en/studying-in-germany/universities/all-degree-programmes/detail/technische-hochschule-deggendorf-artificial-intelligence-and-data-science-w64682/?hec-id=w64682"
"99","60","MAYBE","Hochschule","Technische Hochschule Deggendorf","High performance computing / quantum computing","Master of Science, Master","Deggendorf","Bavaria","Computer Engineering","Quantum Algorithms, Real-time Computing","","Summer Semester only","Without admission restriction","https://www.daad.de/en/studying-in-germany/universities/all-degree-programmes/detail/technische-hochschule-deggendorf-high-performance-computing-quantum-computing-w64732/?hec-id=w64732"
"100","60","MAYBE","Hochschule","Technische Hochschule Köln","Automation and IT","Master of Engineering, Master","Gummersbach","North Rhine-Westphalia","Electrical Engineering, Automation Technology, Artificial Intelligence, Computer Science","Automation and Control Technology, Modelling and Simulation, Industrial Information and Communication Systems, IT Security, Engineering und Robotics","","Winter Semester only","Without admission restriction","https://www.daad.de/en/studying-in-germany/universities/all-degree-programmes/detail/technische-hochschule-koeln-automation-and-it-w23207/?hec-id=w23207"
"101","60","MAYBE","TU","TU Dortmund University","Data Science in Sports and Health","Master of Science, Master","Dortmund","North Rhine-Westphalia","Applied Mathematics, Statistics, Applied Computer Science","Sports Science, Sports Medicine, Kinesiology, Training Science, Statistics, Mathematics, Computer Science","","Winter Semester only","Without admission restriction","https://www.daad.de/en/studying-in-germany/universities/all-degree-programmes/detail/tu-dortmund-university-data-science-in-sports-and-health-w73395/?hec-id=w73395"
"102","60","MAYBE","Hochschule","University of Applied Sciences Neu-Ulm","Digital Leadership in Information Management","Master of Science (M.Sc.), Master","Neu-Ulm","Bavaria","Technology Management, Artificial Intelligence, Applied Computer Science","","","Winter Semester only","Without admission restriction","https://www.daad.de/en/studying-in-germany/universities/all-degree-programmes/detail/university-of-applied-sciences-neu-ulm-digital-leadership-in-information-management-w77134/?hec-id=w77134"
"103","60","MAYBE","University","University of Erlangen-Nuremberg","Computational Engineering","Master of Science, Master","Erlangen","Bavaria","Electrical Engineering, Engineering Informatics","Computer Science, Mathematics, Mechatronics, Optics and Photonics, Information Technology, Thermal and Fluid Dynamics, Solid State Mechanics and Dynamics, Computational Materials Science, Medical Technology, Automatic Control Technology","","Winter Semester only","Without admission restriction","https://www.daad.de/en/studying-in-germany/universities/all-degree-programmes/detail/university-of-erlangen-nuremberg-computational-engineering-w6164/?hec-id=w6164"
"104","60","MAYBE","University","University of Erlangen-Nuremberg","Data Science of Human Multimodal Communication (MULTICOM)","Master of Arts, Master","Erlangen","Bavaria","Applied Computer Science, Data Science","","","Winter Semester only","Without admission restriction","https://www.daad.de/en/studying-in-germany/universities/all-degree-programmes/detail/university-of-erlangen-nuremberg-data-science-of-human-multimodal-communication-multicom-w76998/?hec-id=w76998"
"105","60","MAYBE","University","University of Greifswald","Data Science","Master of Science, Master","Greifswald","Mecklenburg-West Pomerania","Data Science","","","Winter Semester only","Without admission restriction","https://www.daad.de/en/studying-in-germany/universities/all-degree-programmes/detail/university-of-greifswald-data-science-w70182/?hec-id=w70182"
"106","60","MAYBE","University","University of Koblenz","Web and Data Science","Master of Science, Master","Koblenz","Rhineland-Palatinate","Computer Science","Web Science, Network Theory, Semantic Web, Social Web, Web Engineering, Online Consumer Behaviour","","Winter Semester only","Without admission restriction","https://www.daad.de/en/studying-in-germany/universities/all-degree-programmes/detail/university-of-koblenz-web-and-data-science-w39452/?hec-id=w39452"
"107","60","MAYBE","University","University of Magdeburg","Visual Computing","Master, Master","Magdeburg","Saxony-Anhalt","Computer Science","Visualization, Computer Graphics, Computer Vision, Augmented Reality, Virtual Reality, Medical Image Processing, Autonomous Driving, Game Development","","Winter Semester only","Without admission restriction","https://www.daad.de/en/studying-in-germany/universities/all-degree-programmes/detail/university-of-magdeburg-visual-computing-w65043/?hec-id=w65043"
"108","60","MAYBE","University","University of Oldenburg","Data Science and Machine Learning","Master of Science, Master","Oldenburg","Lower Saxony","Data Science","Machine Learning, Deep Learning, Data Science, Medical Data Analysis, Statistical Learning, Signal Processing, Data Ethics, Clinical Decision Support","","Winter Semester only","Local admission restriction","https://www.daad.de/en/studying-in-germany/universities/all-degree-programmes/detail/university-of-oldenburg-data-science-and-machine-learning-w73210/?hec-id=w73210"
"109","60","MAYBE","University","University of Potsdam","Bioinformatics","Master of Science, Master","Potsdam","Brandenburg","Bioinformatics, Computer Science","","","Winter Semester only","Without admission restriction","https://www.daad.de/en/studying-in-germany/universities/all-degree-programmes/detail/university-of-potsdam-bioinformatics-w24840/?hec-id=w24840"
"110","60","MAYBE","University","University of Siegen","Computer Science","Master of Science, Master","Siegen","North Rhine-Westphalia","Computer Science","Embedded Systems, Visual Computing, Complex and Intelligent Software Systems, Medical Informatics","","Winter Semester only","Without admission restriction","https://www.daad.de/en/studying-in-germany/universities/all-degree-programmes/detail/university-of-siegen-computer-science-w61896/?hec-id=w61896"
"111","60","MAYBE","University","University of Siegen","Engineering of Hydro-environmental Extremes","Master of Science, Master","Siegen","North Rhine-Westphalia","Computer Science","","","Winter Semester only","Without admission restriction","https://www.daad.de/en/studying-in-germany/universities/all-degree-programmes/detail/university-of-siegen-engineering-of-hydro-environmental-extremes-w70345/?hec-id=w70345"
"112","60","MAYBE","University","University of Wuppertal","Computer Simulation in Science","Master of Science, Master","Wuppertal","North Rhine-Westphalia","Practical Computer Science, Theoretical Computer Science","Atmospheric Physics, Computational Electromagnetics, Computational Fluid Mechanics, Theoretical Particle Physics, Imaging in Medicine, Computational Finance, Detector Physics, Molecular and Materials Modelling","","Winter Semester only","Without admission restriction","https://www.daad.de/en/studying-in-germany/universities/all-degree-programmes/detail/university-of-wuppertal-computer-simulation-in-science-w7604/?hec-id=w7604"
"113","58","MAYBE","University","German International University","Media Engineering and Technology","Master of Science, Master","Berlin","Berlin","Media Informatics, Computer Science","","7430","Summer and Winter Semester","Without admission restriction","https://www.daad.de/en/studying-in-germany/universities/all-degree-programmes/detail/german-international-university-media-engineering-and-technology-w71907/?hec-id=w71907"
"114","58","MAYBE","Hochschule","Heilbronn University","Software Engineering","Master of Science, Master","Heilbronn","Baden-Württemberg","Information Systems and Management, Artificial Intelligence, Practical Computer Science, Software Engineering, Data Science","IT Management, Advanced Software Engineering & Data Science, Human-Computer Interaction","3000","Summer and Winter Semester","Local admission restriction","https://www.daad.de/en/studying-in-germany/universities/all-degree-programmes/detail/heilbronn-university-software-engineering-w15232/?hec-id=w15232"
"115","56","MAYBE","TU","RWTH Aachen University","Applied Health Informatics and Digital Medicine","Master of Science, Master","Aachen","North Rhine-Westphalia","Medical Informatics, Computer Science","Health Informatics, Digital Transformation, Data Management, Data Integration & Interoperability, Biostatistics & Ethics, Legal and Social Dimensions of Biomedical Informatics, Digital Health Applications, Machine Learning, Signal & Image Process, Innovations Management, Business Administration and Health Economics","13300","Winter Semester only","Without admission restriction","https://www.daad.de/en/studying-in-germany/universities/all-degree-programmes/detail/rwth-aachen-university-applied-health-informatics-and-digital-medicine-w64193/?hec-id=w64193"
"116","56","MAYBE","University","Saarland University","Language and Communication Technologies M.Sc./M.A.","Master of Science / Master of Arts, Master","Saarbrücken","Saarland","Computational Linguistics, Computer Science","Computer Linguistics, Theoretical Linguistics, Computer Science, Language Technology","4000","Winter Semester only","Without admission restriction","https://www.daad.de/en/studying-in-germany/universities/all-degree-programmes/detail/saarland-university-language-and-communication-technologies-mscma-w43856/?hec-id=w43856"
"117","56","MAYBE","TU","Technical University of Darmstadt","Logistics and supply chain management","Master of Science, Master","Darmstadt","Hessen","Artificial Intelligence","Logistics Management, Transport Management, Strategic and Tactical Production Management, Supply Chain Management, Simulation of Supply Chains, Corporate Finance, Digital Transformation, Artificial Intelligence, International Trade and Investment","","Summer and Winter Semester","Without admission restriction","https://www.daad.de/en/studying-in-germany/universities/all-degree-programmes/detail/technical-university-of-darmstadt-logistics-and-supply-chain-management-w64325/?hec-id=w64325"
"118","56","MAYBE","Hochschule","Technische Hochschule Deggendorf","Automotive Software Engineering","Bachelor of Engineering, Master","Deggendorf","Bavaria","Artificial Intelligence","Automotive Computer Science, Software Engineering, Software-defined vehicle, Securecar, Autonomous driving, Driver Assistance Systems, Artificial Intelligence","","Summer Semester only","Without admission restriction","https://www.daad.de/en/studying-in-germany/universities/all-degree-programmes/detail/technische-hochschule-deggendorf-automotive-software-engineering-w71054/?hec-id=w71054"
"119","56","MAYBE","University","University of Erlangen-Nuremberg","International Information Systems","Master of Science, Master","Erlangen, Erlangen","Bavaria","Information Systems and Management","Managing Enterprise-wide IT Architectures, Managing IT-enabled Business, Managing Global Projects & Information Technology, IT-enabled Innovation & Value Creation, IT-enabled Processes & Services, Foundations in Data Base Systems, Basics in Software Engineering","","Winter Semester only","Without admission restriction","https://www.daad.de/en/studying-in-germany/universities/all-degree-programmes/detail/university-of-erlangen-nuremberg-international-information-systems-w22630/?hec-id=w22630"
"120","56","MAYBE","University","University of Erlangen-Nuremberg","Artificial Intelligence","Master of Science, Master","Erlangen","Bavaria","Artificial Intelligence","Computer Science, Symbolic AI, Subsymbolic AI, AI Systems & Applications","","Summer and Winter Semester","Without admission restriction","https://www.daad.de/en/studying-in-germany/universities/all-degree-programmes/detail/university-of-erlangen-nuremberg-artificial-intelligence-w64654/?hec-id=w64654"
"121","56","MAYBE","University","University of Koblenz","E-Government","Master of Science, Master","Koblenz","Rhineland-Palatinate","Information Systems and Management","Computer Science, Business Informatics, Administrative Computer Science","","Summer and Winter Semester","Without admission restriction","https://www.daad.de/en/studying-in-germany/universities/all-degree-programmes/detail/university-of-koblenz-e-government-w40009/?hec-id=w40009"
"122","56","MAYBE","University","University of Osnabrück","Cognitive Science","Master of Science, Master","Osnabrück","Lower Saxony","Computational Linguistics, Artificial Intelligence","a) Cognition: Artificial Intelligence and Machine Learning, b) Cognition: (Computational) Neuroscience, c) Cognition: Psychology, Language and Communication, d) Cognition: Mind, Ethics and Society","","Summer and Winter Semester","Without admission restriction","https://www.daad.de/en/studying-in-germany/universities/all-degree-programmes/detail/university-of-osnabrueck-cognitive-science-w6156/?hec-id=w6156"
"123","56","MAYBE","University","University of Osnabrück","European Technology Law","Master of Laws, Master","Osnabrück","Lower Saxony","Artificial Intelligence, Data Science","","2430","Winter Semester only","Without admission restriction","https://www.daad.de/en/studying-in-germany/universities/all-degree-programmes/detail/university-of-osnabrueck-european-technology-law-w73590/?hec-id=w73590"
"124","56","MAYBE","University","University of Passau","Business Informatics (Information Systems)","Master of Science, Master","Passau","Bavaria","Information Systems and Management","Artificial Intelligence and Data-Driven Business (major or minor), Information Systems Management (major or minor), Economics (minor), Entrepreneurship (minor), Finance (minor), Marketing (minor), Reporting and Controlling (minor), Sustainability","","Summer and Winter Semester","Without admission restriction","https://www.daad.de/en/studying-in-germany/universities/all-degree-programmes/detail/university-of-passau-business-informatics-information-systems-w39354/?hec-id=w39354"
"125","56","MAYBE","University","University of Siegen","Human-Computer Interaction","Master of Science, Master","Siegen","North Rhine-Westphalia","Information Systems and Management","Interaction Techniques, Interface Design, User-Centered Processes, Usability Standards, Qualitative Analysis","","Summer and Winter Semester","Without admission restriction","https://www.daad.de/en/studying-in-germany/universities/all-degree-programmes/detail/university-of-siegen-human-computer-interaction-w29058/?hec-id=w29058"
"126","56","MAYBE","University","University of Trier","Data Science","Master of Science, Master","Trier","Rhineland-Palatinate","Information Systems and Management","Computer Science, Mathematics, Statistics","","Summer and Winter Semester","Without admission restriction","https://www.daad.de/en/studying-in-germany/universities/all-degree-programmes/detail/university-of-trier-data-science-w61588/?hec-id=w61588"
"127","56","MAYBE","University","University of Ulm","Pharmaceutical and Molecular Biotechnology","Master, Master","Ulm","Baden-Württemberg","Bioinformatics, Artificial Intelligence","Protein-, RNA- und zellbasierte Therapien, Bioprozessentwicklung, Wirkstoffentwicklung, Modellierung und Bioinformatik, Anwendung von KI-Methoden","","Summer and Winter Semester","Without admission restriction","https://www.daad.de/en/studying-in-germany/universities/all-degree-programmes/detail/university-of-ulm-pharmaceutical-and-molecular-biotechnology-w77922/?hec-id=w77922"
"128","56","MAYBE","Hochschule","Weihenstephan-Triesdorf University of Applied Sciences","Digital Farming","Master of Science, Master","Freising","Bavaria","Artificial Intelligence","","","Winter Semester only","Without admission restriction","https://www.daad.de/en/studying-in-germany/universities/all-degree-programmes/detail/weihenstephan-triesdorf-university-of-applied-sciences-digital-farming-w72392/?hec-id=w72392"
"129","54","MAYBE","Private","Gisma University of Applied Sciences","Data Science, AI and Digital Business","Master of Science, Master","Potsdam","Brandenburg","Technology Management, Information Systems and Management, Artificial Intelligence, Data Science","Data Science and AI, Digital Business Competencies, Leadership, Action and Intercultural Competencies, Study abroad or Internship or Business Project, Scientific and Methods Competencies, Project Management","8125","Summer and Winter Semester","Without admission restriction","https://www.daad.de/en/studying-in-germany/universities/all-degree-programmes/detail/gisma-university-of-applied-sciences-data-science-ai-and-digital-business-w64772/?hec-id=w64772"
"130","54","MAYBE","Private","Gisma University of Applied Sciences","Computer Science","Master of Engineering, Master","Potsdam","Brandenburg","Applied Computer Science, Computer Science","","8125","Summer and Winter Semester","Without admission restriction","https://www.daad.de/en/studying-in-germany/universities/all-degree-programmes/detail/gisma-university-of-applied-sciences-computer-science-w67238/?hec-id=w67238"
"131","54","MAYBE","Private","Gisma University of Applied Sciences","Business Management & Cybersecurity","Master of Science, Master","Potsdam","Brandenburg","Applied Computer Science, Computer Science","","8125","Summer and Winter Semester","Without admission restriction","https://www.daad.de/en/studying-in-germany/universities/all-degree-programmes/detail/gisma-university-of-applied-sciences-business-management-cybersecurity-w67239/?hec-id=w67239"
"132","54","MAYBE","Private","Media Design University for Design and Computer Science","Information Technology - Data Science","Master of Science, Master","Berlin","Berlin","Applied Computer Science, Computer Science, Practical Computer Science","Cyber Security","8280","Summer and Winter Semester","Without admission restriction","https://www.daad.de/en/studying-in-germany/universities/all-degree-programmes/detail/media-design-university-for-design-and-computer-science-information-technology-data-science-w72436/?hec-id=w72436"
"133","54","MAYBE","Private","Media Design University for Design and Computer Science","Information Technology - Data Science","Master of Science, Master","Berlin","Berlin","Data Science","Data Science","8280","Summer and Winter Semester","Without admission restriction","https://www.daad.de/en/studying-in-germany/universities/all-degree-programmes/detail/media-design-university-for-design-and-computer-science-information-technology-data-science-w72437/?hec-id=w72437"
"134","54","MAYBE","Private","SRH University of Applied Sciences Heidelberg","Computer Science - Cyber Security","Master of Science, Master","Berlin, Leipzig","Berlin, Saxony","Information Systems and Management, Applied Computer Science, Computer Science, Practical Computer Science","Cyber Security, Information Security, Information Security, IT Security, Computer Science, Business Informatics, Data Analysis, Data Analysis, Data Security, Safety","10080","Summer and Winter Semester","Without admission restriction","https://www.daad.de/en/studying-in-germany/universities/all-degree-programmes/detail/srh-university-of-applied-sciences-heidelberg-computer-science-cyber-security-w61451/?hec-id=w61451"
"135","54","MAYBE","Private","SRH University of Applied Sciences Heidelberg","Digital Transformation Management","Master of Science, Master","Hamburg","Hamburg","Technology Management, Applied Computer Science, Data Science","Data Analytics, Change Management, Process Management, Innovation Management, Leadership, Digital Transformation, Digital Transformation, Cyber Security, Company Development","9480","Summer and Winter Semester","Without admission restriction","https://www.daad.de/en/studying-in-germany/universities/all-degree-programmes/detail/srh-university-of-applied-sciences-heidelberg-digital-transformation-management-w64728/?hec-id=w64728"
"136","54","MAYBE","Private","SRH University of Applied Sciences Heidelberg","Digital Supply Chain Management","Master of Science, Master","Berlin","Berlin","Applied Computer Science","Supply Chain Management, Process Management, Programming, Business Intelligence, Big Data, Operations Research, Enterprise Resource Planning, Digital Transformation, International Management","10080","Summer Semester only","Without admission restriction","https://www.daad.de/en/studying-in-germany/universities/all-degree-programmes/detail/srh-university-of-applied-sciences-heidelberg-digital-supply-chain-management-w67457/?hec-id=w67457"
"137","54","MAYBE","Private","SRH University of Applied Sciences Heidelberg","Data Science: Business Analytics","Master of Science, Master","Fürth","Baden-Württemberg","Data Science","Data Mining, Software, Artificial Intelligence, Business Analytics, Analytics","9000","Summer and Winter Semester","Without admission restriction","https://www.daad.de/en/studying-in-germany/universities/all-degree-programmes/detail/srh-university-of-applied-sciences-heidelberg-data-science-business-analytics-w72981/?hec-id=w72981"
"138","54","MAYBE","Private","SRH University of Applied Sciences Heidelberg","Computer Science","Master of Science, Master","Dresden, Leipzig","Saxony","Data Science","Computer Science, Big Data, Artificial Intelligence, Cybersecurity, Software Development, Cloud Computing, Data Science","8280","Winter Semester only","Without admission restriction","https://www.daad.de/en/studying-in-germany/universities/all-degree-programmes/detail/srh-university-of-applied-sciences-heidelberg-computer-science-w72984/?hec-id=w72984"
"139","54","MAYBE","Private","University of Applied Sciences Fresenius","Computer Science","Master of Science, Master","Köln, Berlin","North Rhine-Westphalia, Berlin","Computer Science","Cyber Attacks & Threat Management, Intelligent Systems, Machine Learning","10560","Winter Semester only","Without admission restriction","https://www.daad.de/en/studying-in-germany/universities/all-degree-programmes/detail/university-of-applied-sciences-fresenius-computer-science-w72013/?hec-id=w72013"
"140","54","MAYBE","Private","XU Exponential University of Applied Sciences","Data Science","Master's, Master","Potsdam","Brandenburg","Data Science","","8496","Summer and Winter Semester","Without admission restriction","https://www.daad.de/en/studying-in-germany/universities/all-degree-programmes/detail/xu-exponential-university-of-applied-sciences-data-science-w74901/?hec-id=w74901"
"141","52","MAYBE","University","Bauhaus-Universität Weimar","Computer Science for Digital Media","Master of Science, Master","Weimar","Thuringia","Media Informatics, Computer Science, Computer Engineering","Big Data Analytics, Computer Graphics, Computer Vision, Data Mining and Information Retrieval, Human-Computer Interaction, Machine Learning, Mobile Media, Usability, Virtual Reality, Visual Analytics","","Summer and Winter Semester","Selection procedure / qualifying examination","https://www.daad.de/en/studying-in-germany/universities/all-degree-programmes/detail/bauhaus-universitaet-weimar-computer-science-for-digital-media-w56915/?hec-id=w56915"
"142","52","MAYBE","University","Bauhaus-Universität Weimar","Digital Engineering","Master of Science, Master","Weimar","Thuringia","Applied Computer Science","Modelling, Simulation and Validation, Visualisation and Data Science, https://www.uni-weimar.de/en/civil-engineering/studies/master-degree-programmes/digital-engineering/curriculum/","","Summer and Winter Semester","Selection procedure / qualifying examination","https://www.daad.de/en/studying-in-germany/universities/all-degree-programmes/detail/bauhaus-universitaet-weimar-digital-engineering-w58999/?hec-id=w58999"
"143","52","MAYBE","Private","ESMT European School of Management and Technology","Master's in Analytics and Artificial Intelligence","Master of Science, Master","Berlin","Berlin","Artificial Intelligence, Data Science","","36000","Winter Semester only","Without admission restriction","https://www.daad.de/en/studying-in-germany/universities/all-degree-programmes/detail/esmt-european-school-of-management-and-technology-masters-in-analytics-and-artificial-intelligence-w67189/?hec-id=w67189"
"144","52","MAYBE","University","Free University Berlin","Data Science","Master of Science, Master","Berlin","Berlin","Statistics, Data Science","","","Winter Semester only","Local admission restriction","https://www.daad.de/en/studying-in-germany/universities/all-degree-programmes/detail/free-university-berlin-data-science-w64061/?hec-id=w64061"
"145","52","MAYBE","Hochschule","Furtwangen University - computer science, technology, economics, media, health","Artificial Intelligence and Data Science for Digital Business Management","Master of Science, Master","Furtwangen","Baden-Württemberg","Mathematics, Computer Science","Programming & Software Engineering, Machine Learning & Applied Statistics, Business Operations & Logistics, Digital Performance Marketing & Automation, Agile Project Management & Design Thinking, Artificial Intelligence & Deep Learning, Business Intelligence for Big Data & MLOps, Electives, IT Architectures, Cloud & IT Management, eCommerce, CRM & Lead Management","","Summer Semester only","Local admission restriction","https://www.daad.de/en/studying-in-germany/universities/all-degree-programmes/detail/furtwangen-university-computer-science-technology-economics-media-health-artificial-intelligence-and-data-science-for-digital-business-management-w72154/?hec-id=w72154"
"146","52","MAYBE","Hochschule","Hamburg University of Applied Sciences","Information and Communications Engineering","Master, Master","Hamburg","Hamburg","Electrical Engineering, Mechatronics, Computer Engineering","","","Summer and Winter Semester","Local admission restriction","https://www.daad.de/en/studying-in-germany/universities/all-degree-programmes/detail/hamburg-university-of-applied-sciences-information-and-communications-engineering-w72904/?hec-id=w72904"
"147","52","MAYBE","University","Heidelberg University","Data and Computer Science","Master of Science, Master","Heidelberg","Baden-Württemberg","Applied Computer Science","","","Summer and Winter Semester","Local admission restriction","https://www.daad.de/en/studying-in-germany/universities/all-degree-programmes/detail/heidelberg-university-data-and-computer-science-w7675/?hec-id=w7675"
"148","52","MAYBE","Hochschule","Hochschule Nordhausen","Computer Engineering for IOT SYSTEMS","Master of Engineering, Master","Nordhausen","Thuringia","Computer Engineering","","","Summer and Winter Semester","Local admission restriction","https://www.daad.de/en/studying-in-germany/universities/all-degree-programmes/detail/hochschule-nordhausen-computer-engineering-for-iot-systems-w65163/?hec-id=w65163"
"149","52","MAYBE","Hochschule","Hof University of Applied Sciences","Applied Research in Computer Science","Master of Science, Master","Hof","Bavaria","Media Informatics, Information Systems and Management, Practical Computer Science","","","Summer and Winter Semester","Selection procedure / qualifying examination","https://www.daad.de/en/studying-in-germany/universities/all-degree-programmes/detail/hof-university-of-applied-sciences-applied-research-in-computer-science-w63879/?hec-id=w63879"
"150","52","MAYBE","Hochschule","Hof University of Applied Sciences","Artificial Intelligence and Robotics","Master of Science, Master","Hof","Bavaria","Artificial Intelligence, Computer Science, Engineering Informatics, Data Science","","","Summer and Winter Semester","Selection procedure / qualifying examination","https://www.daad.de/en/studying-in-germany/universities/all-degree-programmes/detail/hof-university-of-applied-sciences-artificial-intelligence-and-robotics-w67120/?hec-id=w67120"
"151","52","MAYBE","TU","Karlsruhe Institute of Technology (KIT)","Computer Science","Master of Science, Master","Karlsruhe","Baden-Württemberg","Mathematics, Statistics, Artificial Intelligence, Computer Science, Data Science","Business and Economics, Computational Chemistry, Computational Earth System Sciences, Computational Mechanics and Thermodynamics, Computational Physics, Electrical Engineering & Information Technology, Process Engineering, Robotics and Autonomous Systems, Mathematics, Computer Science","","Summer and Winter Semester","Local admission restriction","https://www.daad.de/en/studying-in-germany/universities/all-degree-programmes/detail/karlsruhe-institute-of-technology-kit-computer-science-w73116/?hec-id=w73116"
"152","52","MAYBE","University","Munich University of Technology","Computer Science: Games Engineering","Master of Science, Master","Garching","Bavaria","Software Engineering","Computer Graphics and Animation, Interaction and Communication, Hardware-aware Programming, Numerics and Simulation, Autonomous Systems, Game Theory and Algorithmic Economics, Internet Models, Technologies, Applications, Visual Computing, Databases and Information Systems","","Summer and Winter Semester","Selection procedure / qualifying examination","https://www.daad.de/en/studying-in-germany/universities/all-degree-programmes/detail/munich-university-of-technology-computer-science-games-engineering-w46838/?hec-id=w46838"
"153","52","MAYBE","University","Munich University of Technology","Data Engineering and Analytics","Master of Science, Master","Garching","Bavaria","Computer Science, Data Science","","","Summer and Winter Semester","Selection procedure / qualifying examination","https://www.daad.de/en/studying-in-germany/universities/all-degree-programmes/detail/munich-university-of-technology-data-engineering-and-analytics-w54981/?hec-id=w54981"
"154","52","MAYBE","University","Munich University of Technology","Mathematics in Data Science","Master of Science, Master","Garching","Bavaria","Mathematics, Data Science","Methods and Algorithms from Statistics, Methods and Algorithms from Machine Learning, Methods and Algorithms of Optimisation, Methods and Algorithms from the Theory of Data Representation, Theory and Applications: Data Engineering, Theory and Applications: Data Analytics, Theory and Applications: Machine Learning und Data Science, Theory and Applications: Data Analysis","","Summer and Winter Semester","Selection procedure / qualifying examination","https://www.daad.de/en/studying-in-germany/universities/all-degree-programmes/detail/munich-university-of-technology-mathematics-in-data-science-w55325/?hec-id=w55325"
"155","52","MAYBE","University","Munich University of Technology","Information Engineering at Heilbronn Campus","Master of Science, Master","Heilbronn","Baden-Württemberg","Computer Science, Engineering Informatics","","","Summer and Winter Semester","Selection procedure / qualifying examination","https://www.daad.de/en/studying-in-germany/universities/all-degree-programmes/detail/munich-university-of-technology-information-engineering-at-heilbronn-campus-w70911/?hec-id=w70911"
"156","52","MAYBE","Hochschule","South Westphalia University of Applied Sciences","International Management & Information Systems-online (career-integrated continuing combined degree course)","Master of Arts, Master","Soest","North Rhine-Westphalia","Information Systems and Management","Business Informatics, Information Systems, ERP Enterprise Resource Planning, Business Intelligence, E-Business, Management Accounting & Finance, International Management, International Economics, Process Management, Innovation Management","4400","Winter Semester only","Without admission restriction","https://www.daad.de/en/studying-in-germany/universities/all-degree-programmes/detail/south-westphalia-university-of-applied-sciences-international-management-information-systems-online-career-integrated-continuing-combined-degree-course-w63892/?hec-id=w63892"
"157","52","MAYBE","TU","Technical University Braunschweig","Data Science","Master of Science, Master","Braunschweig","Lower Saxony","Applied Mathematics, Software Engineering, Data Science","Methods and Concepts of Mathematics, 25 CP (incl. Linear Algebra in Data Science, Optimisation in Data Science), Methods and Concepts of Computer Science, 25 CP (including data processing, data analysis, data management), Application Area, 15-25 CP (Image and signal processing\; Medicine\; Biology, Chemistry and Pharmacy\; Data Science in Engineering), Key Qualifications and Ethics, 5-15 CP","","Summer and Winter Semester","Local admission restriction","https://www.daad.de/en/studying-in-germany/universities/all-degree-programmes/detail/technical-university-braunschweig-data-science-w64805/?hec-id=w64805"
"158","52","MAYBE","TU","Technical University Braunschweig","Quantum Technologies in Electrical and Computer Engineering","Master of Science, Master","Braunschweig","Lower Saxony","Electrical Engineering, Information Technology, Engineering Informatics","Quantum Structure Devices, Quantum Information Processing and Quantum Computing","","Summer and Winter Semester","Local admission restriction","https://www.daad.de/en/studying-in-germany/universities/all-degree-programmes/detail/technical-university-braunschweig-quantum-technologies-in-electrical-and-computer-engineering-w67867/?hec-id=w67867"
"159","52","MAYBE","Hochschule","Technische Hochschule Ingolstadt","User Experience Design","Master of Arts, Master","Ingolstadt","Bavaria","Computer Science","Interaction Design, Design, Strategy and Management, Usability Research, Agile Project Management, Multimodal Interactive Systems","","Summer and Winter Semester","Local admission restriction","https://www.daad.de/en/studying-in-germany/universities/all-degree-programmes/detail/technische-hochschule-ingolstadt-user-experience-design-w64245/?hec-id=w64245"
"160","52","MAYBE","Hochschule","Technische Hochschule Ingolstadt","Artificial Intelligence","Master of Science, Master","Ingolstadt","Bavaria","Artificial Intelligence, Software Engineering, Computer Engineering, Data Science","Voice Assistance Systems, Deep Learning, AI and Ethics, Intelligent Robots, AI in Safety-relevant Systems, Advanced Speech Technology, AI in Safety-Related Systems","","Summer and Winter Semester","Local admission restriction","https://www.daad.de/en/studying-in-germany/universities/all-degree-programmes/detail/technische-hochschule-ingolstadt-artificial-intelligence-w66233/?hec-id=w66233"
"161","52","MAYBE","Hochschule","University of Applied Sciences Emden/Leer","Industrial Informatics","Master of Engineering, Master","Emden","Lower Saxony","Electrical Engineering, Computer Engineering","Computer Science, Electrical Engineering, Industrial Cyber-Physical Systems","","Summer and Winter Semester","Local admission restriction","https://www.daad.de/en/studying-in-germany/universities/all-degree-programmes/detail/university-of-applied-sciences-emdenleer-industrial-informatics-w29281/?hec-id=w29281"
"162","52","MAYBE","Hochschule","University of Applied Sciences Offenburg","Enterprise and IT Security","Master, Master","Offenburg","Baden-Württemberg","Information Systems and Management, Computer Science","Corporate Security, Information Technology, Ethics and Law","","Winter Semester only","Local admission restriction","https://www.daad.de/en/studying-in-germany/universities/all-degree-programmes/detail/university-of-applied-sciences-offenburg-enterprise-and-it-security-w63849/?hec-id=w63849"
"163","52","MAYBE","University","University of Augsburg","Data Science","Master of Science, Master","Augsburg","Bavaria","Applied Mathematics, Statistics, Data Science","Algorithms and Data Engineering, Machine Learning, Mathematical Methods, Process Mining, Deep Learning, Computer Vision, Quantum Algorithms, Natural Language Understanding, Mathematical Modelling; Statistics, High-Dimensional Probability; Ethics and Computer Science","","Summer and Winter Semester","Selection procedure / qualifying examination","https://www.daad.de/en/studying-in-germany/universities/all-degree-programmes/detail/university-of-augsburg-data-science-w73001/?hec-id=w73001"
"164","52","MAYBE","University","University of Augsburg","Mathematics and Computer Science","Master of Science, Master","Augsburg","Bavaria","Mathematics, Statistics, Artificial Intelligence, Computer Science, Data Science","Stochastic Processes, Numerical Analysis of PDEs, Mathematical Modelling, High Dimensional Probability, High Performance Computing, Image Processing, Deep Learning, Quantum Algorithms, Process Mining, Embedded Systems","","Summer and Winter Semester","Selection procedure / qualifying examination","https://www.daad.de/en/studying-in-germany/universities/all-degree-programmes/detail/university-of-augsburg-mathematics-and-computer-science-w73002/?hec-id=w73002"
"165","52","MAYBE","University","University of Bayreuth","Scientific Computing","Master of Science, Master","Bayreuth","Bavaria","Applied Mathematics, Artificial Intelligence, Applied Computer Science, Data Science","Numerical Mathematics, Modeling and Simulation, High Performance Computing, Scientific Computing","","Summer and Winter Semester","Selection procedure / qualifying examination","https://www.daad.de/en/studying-in-germany/universities/all-degree-programmes/detail/university-of-bayreuth-scientific-computing-w64082/?hec-id=w64082"
"166","52","MAYBE","University","University of Bayreuth","Digitalisation & Sustainability in Materials Science & Engineering","Master of Science, Master","Bayreuth","Bavaria","Engineering Informatics","Connected Knowledge in Materials Science, Informatics, Sustainability, Materials Science, Social, Economic and Legal Aspects of Sustainability, Sustainable Applications & Processes for Materials, Circular Economy & Sustainable Raw Materials, Digitalisation in Materials Science","","Summer and Winter Semester","Selection procedure / qualifying examination","https://www.daad.de/en/studying-in-germany/universities/all-degree-programmes/detail/university-of-bayreuth-digitalisation-sustainability-in-materials-science-engineering-w65263/?hec-id=w65263"
"167","52","MAYBE","University","University of Bonn","Computer Science","Master of Science, Master","Bonn","North Rhine-Westphalia","Computer Science","Algorithmics, Graphics, Vision and Audio, Information and Communication Management, Intelligent Systems","","Summer and Winter Semester","Local admission restriction","https://www.daad.de/en/studying-in-germany/universities/all-degree-programmes/detail/university-of-bonn-computer-science-w18320/?hec-id=w18320"
"168","52","MAYBE","Private","University of Europe for Applied Sciences","Generative Design & AI","Master of Arts, Master","Potsdam","Brandenburg","Artificial Intelligence","","","Summer and Winter Semester","Without admission restriction","https://www.daad.de/en/studying-in-germany/universities/all-degree-programmes/detail/university-of-europe-for-applied-sciences-generative-design-ai-w70242/?hec-id=w70242"
"169","52","MAYBE","University","University of Göttingen","Applied Data Science","Master, Master","Göttingen","Lower Saxony","Applied Computer Science, Data Science","Computational Neuroscience, Bioinformatics, Medical Data Science, Digital Humanities","","Summer and Winter Semester","Local admission restriction","https://www.daad.de/en/studying-in-germany/universities/all-degree-programmes/detail/university-of-goettingen-applied-data-science-w64855/?hec-id=w64855"
"170","52","MAYBE","University","University of Hildesheim","Data Analytics (International Master’s degree)","Master of Science, Master","Hildesheim","Lower Saxony","Software Engineering","Data Analytics, Applied Computer Science, Data Analysis, Data Science","","Summer and Winter Semester","Local admission restriction","https://www.daad.de/en/studying-in-germany/universities/all-degree-programmes/detail/university-of-hildesheim-data-analytics-international-masters-degree-w55328/?hec-id=w55328"
"171","52","MAYBE","University","University of Mannheim","Mannheim Master in Data Science (MMDS)","Master of Science, Master","Mannheim","Baden-Württemberg","Computer Science, Data Science","Digital Management, Data Analytics","","Summer and Winter Semester","Local admission restriction","https://www.daad.de/en/studying-in-germany/universities/all-degree-programmes/detail/university-of-mannheim-mannheim-master-in-data-science-mmds-w55352/?hec-id=w55352"
"172","52","MAYBE","University","University of Marburg","Business Informatics","Master of Science, Master","Marburg","Hessen","Information Systems and Management, Computer Science","Business Informatics, Computer Science, Business Administration, Accounting and Finance, Market-Oriented Company Management, Innovation and Information","","Summer and Winter Semester","Selection procedure / qualifying examination","https://www.daad.de/en/studying-in-germany/universities/all-degree-programmes/detail/university-of-marburg-business-informatics-w53974/?hec-id=w53974"
"173","52","MAYBE","University","University of Münster","Data Science","Master of Science, Master","Münster","North Rhine-Westphalia","Data Science","","","Summer and Winter Semester","Local admission restriction","https://www.daad.de/en/studying-in-germany/universities/all-degree-programmes/detail/university-of-muenster-data-science-w76328/?hec-id=w76328"
"174","52","MAYBE","University","University of Potsdam","Computer Science at the Hasso Plattner Institute","Master of Science, Master","Potsdam","Brandenburg","Applied Computer Science, Computer Science, Software Engineering","","","Summer and Winter Semester","Local admission restriction","https://www.daad.de/en/studying-in-germany/universities/all-degree-programmes/detail/university-of-potsdam-computer-science-at-the-hasso-plattner-institute-w70337/?hec-id=w70337"
"175","52","MAYBE","University","University of Regensburg","Data Science","Master of Science, Master","Regensburg","Bavaria","Data Science","Methods, Information Systems, Computational Life Sciences","","Summer and Winter Semester","Selection procedure / qualifying examination","https://www.daad.de/en/studying-in-germany/universities/all-degree-programmes/detail/university-of-regensburg-data-science-w73519/?hec-id=w73519"
"176","51","MAYBE","Hochschule","Berlin School of Applied Sciences (HTW)","Professional IT Business and Digitalisation","Master of Science, Master","Berlin","Berlin","Applied Computer Science, Computer Science, Practical Computer Science, Data Science","","7125","Winter Semester only","Without admission restriction","https://www.daad.de/en/studying-in-germany/universities/all-degree-programmes/detail/berlin-school-of-applied-sciences-htw-professional-it-business-and-digitalisation-w65229/?hec-id=w65229"
"177","50","BLOCKED","Hochschule","Fulda University of Applied Sciences","Global Software Development","Master of Science, Master","Fulda","Hessen","Applied Computer Science, Computer Science, Software Engineering","Software Development, Angewandte Informatik, Softwareentwicklung, international, programmieren, Informatik, Software, IT, Entwickler, cybersecurity","","Summer and Winter Semester","Without admission restriction","https://www.daad.de/en/studying-in-germany/universities/all-degree-programmes/detail/fulda-university-of-applied-sciences-global-software-development-w48425/?hec-id=w48425"
"178","50","BLOCKED","Hochschule","South Westphalia University of Applied Sciences","Informatics and Business","Master of Science, Master","Hagen","North Rhine-Westphalia","Information Systems and Management, Computer Science","ERP and Analytical Systems, IT Quality Management, Data Analysis, Design Thinking, Industry 4.0, Project Management, Quality-Driven Software Development, Requirement Engineering, SAP;, Test-Driven Development","","Summer and Winter Semester","Without admission restriction","https://www.daad.de/en/studying-in-germany/universities/all-degree-programmes/detail/south-westphalia-university-of-applied-sciences-informatics-and-business-w65029/?hec-id=w65029"
"179","50","MAYBE","Private","SRH University of Applied Sciences Heidelberg","Artificial Intelligence (AI) in Business","Master of Science, Master","Berlin","Berlin","Technology Management, Artificial Intelligence","Business, KI, Digitale Transformationen, Technologie, Transformation, Businessmanagement, Management","10080","Summer and Winter Semester","Without admission restriction","https://www.daad.de/en/studying-in-germany/universities/all-degree-programmes/detail/srh-university-of-applied-sciences-heidelberg-artificial-intelligence-ai-in-business-w76735/?hec-id=w76735"
"180","50","MAYBE","University","University of Oldenburg","Engineering of Socio-Technical Systems","Master of Science, Master","Oldenburg","Lower Saxony","Computer Science","","","Winter Semester only","Local admission restriction","https://www.daad.de/en/studying-in-germany/universities/all-degree-programmes/detail/university-of-oldenburg-engineering-of-socio-technical-systems-w58377/?hec-id=w58377"
"181","48","MAYBE","Hochschule","Heilbronn University","Applied Artificial Intelligence","Master, Master","Heilbronn","Baden-Württemberg","Applied Mathematics, Artificial Intelligence, Practical Computer Science, Data Science","Application Track: focus on the practical development and application of AI technologies, Research Track: students engage intensively in scientific research in the field of artificial intelligence","3000","Summer and Winter Semester","Local admission restriction","https://www.daad.de/en/studying-in-germany/universities/all-degree-programmes/detail/heilbronn-university-applied-artificial-intelligence-w76327/?hec-id=w76327"
"182","48","MAYBE","Private","IU International University","Artificial Intelligence","Master of Science, Master","Erfurt","Thuringia","Artificial Intelligence","Artificial Intelligence, Advanced Mathematics, Advanced statistics, Machine Learning, Deep Learning","6588","Admission in all quarters","Without admission restriction","https://www.daad.de/en/studying-in-germany/universities/all-degree-programmes/detail/iu-international-university-artificial-intelligence-w64135/?hec-id=w64135"
"183","48","MAYBE","TU","RWTH Aachen University","Data Analytics and Decision Science","Master of Science, Master","Aachen","North Rhine-Westphalia","Engineering Informatics, Data Science","","15000","Winter Semester only","Without admission restriction","https://www.daad.de/en/studying-in-germany/universities/all-degree-programmes/detail/rwth-aachen-university-data-analytics-and-decision-science-w60434/?hec-id=w60434"
"184","48","MAYBE","University","University of Erlangen-Nuremberg","Digital Business & AI","Master of Business Administration, Master","Erlangen","Bavaria","Artificial Intelligence, Data Science","","14875","Winter Semester only","Without admission restriction","https://www.daad.de/en/studying-in-germany/universities/all-degree-programmes/detail/university-of-erlangen-nuremberg-digital-business-ai-w64291/?hec-id=w64291"
"185","47","MAYBE","Hochschule","Rhine-Waal University of Applied Sciences","Usability Engineering","Master of Science, Master","Kamp-Lintfort","North Rhine-Westphalia","Media Informatics, Computer Science","Usability, User Experience, User Research, Usability Testing, Digital Production for Interaction Design, Psychology for UX Practitioners, Strategic Usability Engineering, Human Computer Interaction (HCI), Methodology, Interaction Design","","Summer and Winter Semester","Local admission restriction","https://www.daad.de/en/studying-in-germany/universities/all-degree-programmes/detail/rhine-waal-university-of-applied-sciences-usability-engineering-w31435/?hec-id=w31435"
"186","46","MAYBE","Private","SRH University of Applied Sciences Heidelberg","Applied Computer Science","Master of Science, Master","Stuttgart, Heidelberg","Baden-Württemberg","Applied Computer Science","Business Computing, Multimedia Development","10080","Summer and Winter Semester","Selection procedure / qualifying examination","https://www.daad.de/en/studying-in-germany/universities/all-degree-programmes/detail/srh-university-of-applied-sciences-heidelberg-applied-computer-science-w40883/?hec-id=w40883"
"187","46","MAYBE","Hochschule","University of Applied Sciences Neu-Ulm","Artificial Intelligence and Health Informatics","Master of Science (M.Sc.), Master","Neu-Ulm","Bavaria","Medical Informatics, Artificial Intelligence","","","Winter Semester only","Without admission restriction","https://www.daad.de/en/studying-in-germany/universities/all-degree-programmes/detail/university-of-applied-sciences-neu-ulm-artificial-intelligence-and-health-informatics-w77135/?hec-id=w77135"
"188","46","MAYBE","University","University of Bremen","Management Information Systems","Master, Master","Bremen","Bremen","Information Systems and Management","Business Informatics","","Winter Semester only","Without admission restriction","https://www.daad.de/en/studying-in-germany/universities/all-degree-programmes/detail/university-of-bremen-management-information-systems-w65376/?hec-id=w65376"
"189","44","MAYBE","Private","SRH University of Applied Sciences Heidelberg","Digital Health and Data Science","Master of Science, Master","Fürth","Baden-Württemberg","Data Science","","9000","Winter Semester only","Without admission restriction","https://www.daad.de/en/studying-in-germany/universities/all-degree-programmes/detail/srh-university-of-applied-sciences-heidelberg-digital-health-and-data-science-w67297/?hec-id=w67297"
"190","42","MAYBE","Hochschule","Berlin University of Applied Sciences","Data Science","Master of Science, Master","Berlin","Berlin","Computer Science, Data Science","","","Winter Semester only","Local admission restriction","https://www.daad.de/en/studying-in-germany/universities/all-degree-programmes/detail/berlin-university-of-applied-sciences-data-science-w58177/?hec-id=w58177"
"191","42","MAYBE","University","Bielefeld University","Data Science","Master of Science, Master","Bielefeld","North Rhine-Westphalia","Applied Computer Science, Data Science","Data Analysis, Data Mining, Statistics, Data Science","","Winter Semester only","Local admission restriction","https://www.daad.de/en/studying-in-germany/universities/all-degree-programmes/detail/bielefeld-university-data-science-w60824/?hec-id=w60824"
"192","42","MAYBE","University","Catholic University in Eichstätt - Ingolstadt","Data Science","Master of Science, Master","Ingolstadt","Bavaria","Mathematics, Data Science","Data Analytics, Operations Research, Weather and Climate Research","","Winter Semester only","Selection procedure / qualifying examination","https://www.daad.de/en/studying-in-germany/universities/all-degree-programmes/detail/catholic-university-in-eichstaett-ingolstadt-data-science-w72869/?hec-id=w72869"
"193","42","MAYBE","University","Eberhard Karls University Tübingen","Computational Neuroscience","Master of Science, Master","Tübingen","Baden-Württemberg","Computer Science","Computational Neuroscience, Neurobiology, Computer Science, Bioinformatics, Neuroinformatics, Artificial Intelligence, Neurophysics","","Winter Semester only","Local admission restriction","https://www.daad.de/en/studying-in-germany/universities/all-degree-programmes/detail/eberhard-karls-university-tuebingen-computational-neuroscience-w32499/?hec-id=w32499"
"194","42","MAYBE","University","Eberhard Karls University Tübingen","Machine Learning","Master of Science, Master","Tübingen","Baden-Württemberg","Artificial Intelligence, Data Science","","","Winter Semester only","Local admission restriction","https://www.daad.de/en/studying-in-germany/universities/all-degree-programmes/detail/eberhard-karls-university-tuebingen-machine-learning-w63840/?hec-id=w63840"
"195","42","MAYBE","University","Frankfurt University","AI and Digital Technology in Learning and Instruction","Master of Science, Master","Frankfurt am Main","Hessen","Computer Science","wissenschaftliche Analyse, Gestaltung und Evaluation von KI-basierten und digitalen Technologien in Bildungsprozessen","","Winter Semester only","Selection procedure / qualifying examination","https://www.daad.de/en/studying-in-germany/universities/all-degree-programmes/detail/frankfurt-university-ai-and-digital-technology-in-learning-and-instruction-w76981/?hec-id=w76981"
"196","42","MAYBE","University","Free University Berlin","Computational Sciences","Master of Science, Master","Berlin","Berlin","Applied Mathematics, Applied Computer Science","","","Winter Semester only","Local admission restriction","https://www.daad.de/en/studying-in-germany/universities/all-degree-programmes/detail/free-university-berlin-computational-sciences-w54278/?hec-id=w54278"
"197","42","MAYBE","Hochschule","Furtwangen University - computer science, technology, economics, media, health","Business Consulting","Master of Science, Master","Furtwangen","Baden-Württemberg","Information Systems and Management","IT Consulting, Business Intelligence, Business Process Management, Enterprise Resource Planning (ERP) Systems, Database Management","3000","Summer Semester only","Local admission restriction","https://www.daad.de/en/studying-in-germany/universities/all-degree-programmes/detail/furtwangen-university-computer-science-technology-economics-media-health-business-consulting-w5845/?hec-id=w5845"
"198","42","MAYBE","Hochschule","Georg Simon Ohm University of Applied Sciences Nuremberg","Intelligent & Autonomous Systems","Master's degree, Master","Nürnberg","Bavaria","Systems Engineering, Robotics, Artificial Intelligence, Engineering Informatics","Autonomous Systems, Medical Technologies","","Summer Semester only","Selection procedure / qualifying examination","https://www.daad.de/en/studying-in-germany/universities/all-degree-programmes/detail/georg-simon-ohm-university-of-applied-sciences-nuremberg-intelligent-autonomous-systems-w74175/?hec-id=w74175"
"199","42","MAYBE","University","Heidelberg University","Mathematics of Machine Learning and Data Science","Master, Master","Heidelberg","Baden-Württemberg","Applied Mathematics, Mathematics, Artificial Intelligence, Data Science","","","Winter Semester only","Local admission restriction","https://www.daad.de/en/studying-in-germany/universities/all-degree-programmes/detail/heidelberg-university-mathematics-of-machine-learning-and-data-science-w72792/?hec-id=w72792"
"200","42","MAYBE","TU","Karlsruhe Institute of Technology (KIT)","Financial Engineering","Master, Master","Karlsruhe","Baden-Württemberg","Information Systems and Management","Data Science, Predictive Analytics, Machine Learning, Risk Management, Financial Technology, Financial Modelling with Python, Digital Transformation in Financial Services, Asset Management, Smart Beta Portfolios, Semantic Technologies","18000","Winter Semester only","Without admission restriction","https://www.daad.de/en/studying-in-germany/universities/all-degree-programmes/detail/karlsruhe-institute-of-technology-kit-financial-engineering-w31781/?hec-id=w31781"
"201","42","MAYBE","University","Leuphana University Lüneburg","Management & Data Science","Master of Science, Master","Lüneburg","Lower Saxony","Information Systems and Management, Applied Computer Science, Theoretical Computer Science","Forecasting and Simulation, Data Economy, Probabilistic Models, Data Privacy, Big Data, Data Analysis, Network Analysis, Data Mining, Machine Learning","","Winter Semester only","Local admission restriction","https://www.daad.de/en/studying-in-germany/universities/all-degree-programmes/detail/leuphana-university-lueneburg-management-data-science-w49048/?hec-id=w49048"
"202","42","MAYBE","University","Munich University of Technology","Computational Science and Engineering (CSE)","Master of Science, Master","Garching","Bavaria","Applied Mathematics, Computer Science","Numerical Analysis, Computer Architecture and Networks, Parallel Programming, Programming of Supercomputers, Visualisation, Computational Fluid Mechanics","","Winter Semester only","Selection procedure / qualifying examination","https://www.daad.de/en/studying-in-germany/universities/all-degree-programmes/detail/munich-university-of-technology-computational-science-and-engineering-cse-w6204/?hec-id=w6204"
"203","42","MAYBE","University","Munich University of Technology","Computational Mechanics","Master of Science, Master","München","Bavaria","Applied Computer Science","Artificial intelligence & Uncertainty Quantification, Structural and Fluid Mechanics, Modeling and Simulation, Numerical Analysis, Engineering Computation","","Winter Semester only","Selection procedure / qualifying examination","https://www.daad.de/en/studying-in-germany/universities/all-degree-programmes/detail/munich-university-of-technology-computational-mechanics-w6207/?hec-id=w6207"
"204","42","MAYBE","University","Munich University of Technology","Information Technologies for the Built Environment","Master of Science, Master","München","Bavaria","Geoinformatics, Engineering Informatics","","","Winter Semester only","Selection procedure / qualifying examination","https://www.daad.de/en/studying-in-germany/universities/all-degree-programmes/detail/munich-university-of-technology-information-technologies-for-the-built-environment-w65257/?hec-id=w65257"
"205","42","MAYBE","University","Munich University of Technology","Microelectronics and Chip Design","Master of Science, Master","München","Bavaria","Microelectronics, Computer Science","","","Winter Semester only","Selection procedure / qualifying examination","https://www.daad.de/en/studying-in-germany/universities/all-degree-programmes/detail/munich-university-of-technology-microelectronics-and-chip-design-w72322/?hec-id=w72322"
"206","42","MAYBE","University","Ruhr University Bochum","Cognitive Science","Master of Science, Master","Bochum","North Rhine-Westphalia","Computer Science","Cognitive Science","","Winter Semester only","Local admission restriction","https://www.daad.de/en/studying-in-germany/universities/all-degree-programmes/detail/ruhr-university-bochum-cognitive-science-w40119/?hec-id=w40119"
"207","42","MAYBE","University","Saarland University","Educational Technology","Master of Science, Master","Saarbrücken","Saarland","Computer Science","Educational Technology, Education Theory, Psychology, Education Science, Computer Science","","Winter Semester only","Local admission restriction","https://www.daad.de/en/studying-in-germany/universities/all-degree-programmes/detail/saarland-university-educational-technology-w34385/?hec-id=w34385"
"208","42","MAYBE","University","Sports University of Cologne","Human Technology in Sports and Medicine","Master of Science, Master","Köln","North Rhine-Westphalia","Computer Science","Mathematics & Physics, Biomechanics and Mechanobiology, Data Management and Data Analysis, Anthropometry and Ergonomics/Sports Science, Sports Sciences, Material & Construction, Orthopaedic Aids, Prosthetics, Orthotics, Bionics, Robotics/Orthopaedic Technologies, Footwear and Floors/Footwear, Apparel and Playing Surfaces, Sports Equipment and Sportswear/Sports Equipment and Instrumentation, Modelling and Simulation, Materials Testing and Performance Diagnostics/Performance Diagnostics in Sport, Medicine and Rehabilitation","","Winter Semester only","Local admission restriction","https://www.daad.de/en/studying-in-germany/universities/all-degree-programmes/detail/sports-university-of-cologne-human-technology-in-sports-and-medicine-w19928/?hec-id=w19928"
"209","42","MAYBE","TU","Technical University Braunschweig","Computational science in engineering","Master of Science, Master","Braunschweig","Lower Saxony","Applied Mathematics, Engineering Informatics","Applied Mathematics, Computational Engineering and Methods, Solid and Structural Mechanics, Fluid Mechanics, Information Technology, Modelling and Simulation, Numerical Analysis","","Winter Semester only","Local admission restriction","https://www.daad.de/en/studying-in-germany/universities/all-degree-programmes/detail/technical-university-braunschweig-computational-science-in-engineering-w5668/?hec-id=w5668"
"210","42","MAYBE","Hochschule","Technische Hochschule Ingolstadt","Entrepreneurship and Corporate Venturing","Master of Science, Master","Ingolstadt","Bavaria","Technology Management, Software Engineering, Data Science","Entrepreneurial Methods, AI & Smart Data Science, Entrepreneurship Project, Digital Business Management & Technologies, Finance & Growth Management, Intellectual Property Management, Management, Technologies","","Winter Semester only","Local admission restriction","https://www.daad.de/en/studying-in-germany/universities/all-degree-programmes/detail/technische-hochschule-ingolstadt-entrepreneurship-and-corporate-venturing-w64706/?hec-id=w64706"
"211","42","MAYBE","Hochschule","Technische Hochschule Ingolstadt","Sociotechnical Cybersecurity","Master of Science, Master","Ingolstadt","Bavaria","Computer Science","Cybersecurity, Mathematics, Computer Science and Programming, Sociotechnical Systems, Management, Psychology and Sociology","","Summer Semester only","Local admission restriction","https://www.daad.de/en/studying-in-germany/universities/all-degree-programmes/detail/technische-hochschule-ingolstadt-sociotechnical-cybersecurity-w74173/?hec-id=w74173"
"212","42","MAYBE","TU","Technische Universität Dresden","Computational Modelling and Simulation","Master of Science, Master","Dresden","Saxony","Applied Mathematics, Bioinformatics, Artificial Intelligence, Applied Computer Science, Computer Science","Computational Life Sciences, Computer Mathematics, Visual Computing, Computational Engineering, Computational Modelling in Energy Economics, Logic Modelling, Applied Artificial Intelligence (from winter semester of 2023/24)","","Winter Semester only","Selection procedure / qualifying examination","https://www.daad.de/en/studying-in-germany/universities/all-degree-programmes/detail/technische-universitaet-dresden-computational-modelling-and-simulation-w61589/?hec-id=w61589"
"213","42","MAYBE","TU","Technische Universität Dresden","Transportation Economics","Master of Science, Master","Dresden","Saxony","Statistics, Data Science","Computer-aided Logistics, Transport Policy, Regional and Environmental Economics, Statistics, Data Analysis / Data Science in Traffic Systems","","Winter Semester only","Selection procedure / qualifying examination","https://www.daad.de/en/studying-in-germany/universities/all-degree-programmes/detail/technische-universitaet-dresden-transportation-economics-w64848/?hec-id=w64848"
"214","42","MAYBE","Hochschule","University of Applied Sciences Bremen","Engineering and Management of Space Systems","Master, Master","Bremen","Bremen","Electrical Engineering, Computer Science","Space Technologies, Computer Science, Electronics Engineering","","Summer Semester only","Local admission restriction","https://www.daad.de/en/studying-in-germany/universities/all-degree-programmes/detail/university-of-applied-sciences-bremen-engineering-and-management-of-space-systems-w70007/?hec-id=w70007"
"215","42","MAYBE","University","University of Bayreuth","Philosophy & Computer Science","Master of Arts oder Master of Science, Master","Bayreuth","Bavaria","Computer Science","Minds and Machines, Mathematical Thinking, Machine Ethics, Data Modelling & Analysis","","Winter Semester only","Selection procedure / qualifying examination","https://www.daad.de/en/studying-in-germany/universities/all-degree-programmes/detail/university-of-bayreuth-philosophy-computer-science-w70334/?hec-id=w70334"
"216","42","MAYBE","University","University of Bonn","Artificial Intelligence","Master of Science, Master","Bonn","North Rhine-Westphalia","Artificial Intelligence, Computer Science, Data Science","","","Winter Semester only","Local admission restriction","https://www.daad.de/en/studying-in-germany/universities/all-degree-programmes/detail/university-of-bonn-artificial-intelligence-w76659/?hec-id=w76659"
"217","42","MAYBE","University","University of Bremen","Artificial Intelligence and Intelligent Systems","Master of Arts, Master","Bremen","Bremen","Computer Science","","","Winter Semester only","Local admission restriction","https://www.daad.de/en/studying-in-germany/universities/all-degree-programmes/detail/university-of-bremen-artificial-intelligence-and-intelligent-systems-w70018/?hec-id=w70018"
"218","42","MAYBE","University","University of Düsseldorf","Artificial Intelligence and Data Science","Master of Science, Master","Düsseldorf","North Rhine-Westphalia","Artificial Intelligence, Data Science","Machine Learning, Deep Learning, Reinforcement Learning, Natural Language Processing, Bayesian Statistics, Algorithmic Game Theory, Machine translation","","Winter Semester only","Local admission restriction","https://www.daad.de/en/studying-in-germany/universities/all-degree-programmes/detail/university-of-duesseldorf-artificial-intelligence-and-data-science-w63894/?hec-id=w63894"
"219","42","MAYBE","University","University of Göttingen","Computational Biology and Bioinformatics","Master of Science, Master","Göttingen","Lower Saxony","Bioinformatics, Computer Science","","","Winter Semester only","Local admission restriction","https://www.daad.de/en/studying-in-germany/universities/all-degree-programmes/detail/university-of-goettingen-computational-biology-and-bioinformatics-w65338/?hec-id=w65338"
"220","42","MAYBE","University","University of Hamburg","Intelligent Adaptive Systems","Master of Science, Master","Hamburg","Hamburg","Computer Science","","","Winter Semester only","Local admission restriction","https://www.daad.de/en/studying-in-germany/universities/all-degree-programmes/detail/university-of-hamburg-intelligent-adaptive-systems-w39157/?hec-id=w39157"
"221","42","MAYBE","University","University of Hamburg","Marine Ecosystem and Fisheries Science","Master of Science, Master","Hamburg","Hamburg","Mathematics, Computer Science","","","Winter Semester only","Local admission restriction","https://www.daad.de/en/studying-in-germany/universities/all-degree-programmes/detail/university-of-hamburg-marine-ecosystem-and-fisheries-science-w63568/?hec-id=w63568"
"222","42","MAYBE","University","University of Konstanz","Social and Economic Data Science","Master of Science, Master","Konstanz","Baden-Württemberg","Mathematics, Statistics, Computer Science","Mathematics, Statistics, Computer Science, Social Sciences, Econometrics, Big Data, Data Analysis","","Winter Semester only","Local admission restriction","https://www.daad.de/en/studying-in-germany/universities/all-degree-programmes/detail/university-of-konstanz-social-and-economic-data-science-w42184/?hec-id=w42184"
"223","42","MAYBE","University","University of Potsdam","Cognitive Systems: Language, Learning and Reasoning","Master of Science, Master","Potsdam","Brandenburg","Computational Linguistics, Applied Computer Science","","","Winter Semester only","Local admission restriction","https://www.daad.de/en/studying-in-germany/universities/all-degree-programmes/detail/university-of-potsdam-cognitive-systems-language-learning-and-reasoning-w44744/?hec-id=w44744"
"224","42","MAYBE","University","University of Potsdam","Digital Health at the Hasso Plattner Institute","Master of Science, Master","Potsdam","Brandenburg","Medical Informatics, Applied Computer Science","","","Winter Semester only","Local admission restriction","https://www.daad.de/en/studying-in-germany/universities/all-degree-programmes/detail/university-of-potsdam-digital-health-at-the-hasso-plattner-institute-w60523/?hec-id=w60523"
"225","42","MAYBE","University","University of Potsdam","Climate, Earth, Water, Sustainability","Master's, Master","Potsdam","Brandenburg","Applied Computer Science","","","Winter Semester only","Local admission restriction","https://www.daad.de/en/studying-in-germany/universities/all-degree-programmes/detail/university-of-potsdam-climate-earth-water-sustainability-w64854/?hec-id=w64854"
"226","42","MAYBE","University","University of Regensburg","Human-Centred Artificial Intelligence","Master of Science, Master","Regensburg","Bavaria","Practical Computer Science","Human-Centred AI, AI for Human Computer Interaction, Information Behaviour, Computational Human-Centred AI","","Winter Semester only","Selection procedure / qualifying examination","https://www.daad.de/en/studying-in-germany/universities/all-degree-programmes/detail/university-of-regensburg-human-centred-artificial-intelligence-w73745/?hec-id=w73745"
"227","42","MAYBE","University","University of Technology Nuremberg","Artificial Intelligence & Robotics","Master of Science, Master","Nürnberg","Bavaria","Mathematics, Robotics, Artificial Intelligence, Computer Science, Data Science","Artificial Intelligence, Mobile Robot Navigation, Machine Learning, Computer Vision, Deep Learning, Data Engineering","","Winter Semester only","Selection procedure / qualifying examination","https://www.daad.de/en/studying-in-germany/universities/all-degree-programmes/detail/university-of-technology-nuremberg-artificial-intelligence-robotics-w70197/?hec-id=w70197"
"228","42","MAYBE","University","University of Technology Nuremberg","Human & Artificial Intelligence","Master of Science / Master of Arts, Master","Nürnberg","Bavaria","Computer Science","","","Winter Semester only","Selection procedure / qualifying examination","https://www.daad.de/en/studying-in-germany/universities/all-degree-programmes/detail/university-of-technology-nuremberg-human-artificial-intelligence-w72570/?hec-id=w72570"
"229","42","MAYBE","University","University of Ulm","Cognitive Systems","Master of Science, Master","Ulm","Baden-Württemberg","Artificial Intelligence, Computer Science","Computer Vision and Pattern Recognition, Language Comprehension and Dialogue Systems, Cognitive Neurosciences, Companion Systems, Learning Psychology and Serious Games, Human-Computer Interaction and Human Factors, Cognitive Ergonomics, Perceptual and Attentive User Interfaces, Spatial Cognition","","Winter Semester only","Local admission restriction","https://www.daad.de/en/studying-in-germany/universities/all-degree-programmes/detail/university-of-ulm-cognitive-systems-w47553/?hec-id=w47553"
"230","42","MAYBE","University","University of Würzburg","Satellite Technology","Master of Science, Master","Würzburg","Bavaria","Mathematics, Computer Science","","","Winter Semester only","Selection procedure / qualifying examination","https://www.daad.de/en/studying-in-germany/universities/all-degree-programmes/detail/university-of-wuerzburg-satellite-technology-w61581/?hec-id=w61581"
"231","42","MAYBE","Hochschule","West Saxon University of Applied Sciences of Zwickau","Internet of Things and Smart Systems","Master of Engineering (MEng), Master","Zwickau","Saxony","Computer Science","design and usability, business, advanced programming skills","","Winter Semester only","Local admission restriction","https://www.daad.de/en/studying-in-germany/universities/all-degree-programmes/detail/west-saxon-university-of-applied-sciences-of-zwickau-internet-of-things-and-smart-systems-w65273/?hec-id=w65273"
"232","42","MAYBE","Hochschule","West Saxon University of Applied Sciences of Zwickau","Embedded and Autonomous Systems","Master of Science (MSc), Master","Zwickau","Saxony","Electrical Engineering, Computer Science","","","Winter Semester only","Local admission restriction","https://www.daad.de/en/studying-in-germany/universities/all-degree-programmes/detail/west-saxon-university-of-applied-sciences-of-zwickau-embedded-and-autonomous-systems-w72321/?hec-id=w72321"
"233","40","MAYBE","Private","SRH University of Applied Sciences Heidelberg","Information Technology - Artificial Intelligence","Master of Engineering, Master","Heidelberg","Baden-Württemberg","Artificial Intelligence","","9240","Summer and Winter Semester","Without admission restriction","https://www.daad.de/en/studying-in-germany/universities/all-degree-programmes/detail/srh-university-of-applied-sciences-heidelberg-information-technology-artificial-intelligence-w76947/?hec-id=w76947"
"234","40","MAYBE","Hochschule","University of Applied Sciences Emden/Leer","Business Informatics","Master's, Master","Emden","Lower Saxony","Computer Science","","11960","Summer and Winter Semester","Selection procedure / qualifying examination","https://www.daad.de/en/studying-in-germany/universities/all-degree-programmes/detail/university-of-applied-sciences-emdenleer-business-informatics-w78022/?hec-id=w78022"
"235","38","MAYBE","Hochschule","Albstadt-Sigmaringen University - University of Engineering and Economics","Industrial Artificial Intelligence","Master of Science, Master","Albstadt","Baden-Württemberg","Artificial Intelligence","","","Summer and Winter Semester","Local admission restriction","https://www.daad.de/en/studying-in-germany/universities/all-degree-programmes/detail/albstadt-sigmaringen-university-university-of-engineering-and-economics-industrial-artificial-intelligence-w73251/?hec-id=w73251"
"236","38","MAYBE","University","Munich University of Technology","Data & Society","Master of Science, Master","München","Bavaria","Artificial Intelligence","","","Summer and Winter Semester","Selection procedure / qualifying examination","https://www.daad.de/en/studying-in-germany/universities/all-degree-programmes/detail/munich-university-of-technology-data-society-w71729/?hec-id=w71729"
"237","38","MAYBE","University","Munich University of Technology","Information Systems (Business Informatics)","Master of Science, Master","Garching","Bavaria","Information Systems and Management","","","Summer and Winter Semester","Selection procedure / qualifying examination","https://www.daad.de/en/studying-in-germany/universities/all-degree-programmes/detail/munich-university-of-technology-information-systems-business-informatics-w7857/?hec-id=w7857"
"238","38","MAYBE","Hochschule","Technische Hochschule Ingolstadt","Engineering and Management","Master of Science, Master","Ingolstadt","Bavaria","Technology Management, Artificial Intelligence","International Management, Digital Marketing, Software Engineering, Business Analytics & Artificial Intelligence, Management Accounting & International Taxation, Entrepreneurship & Innovation Management","","Winter Semester only","Local admission restriction","https://www.daad.de/en/studying-in-germany/universities/all-degree-programmes/detail/technische-hochschule-ingolstadt-engineering-and-management-w64711/?hec-id=w64711"
"239","38","MAYBE","Hochschule","Technische Hochschule Ingolstadt","AI Engineering of Autonomous Systems","Master of Engineering, Master","Ingolstadt","Bavaria","Automation Technology, Artificial Intelligence","Data Engineering, Machine Perception, Systems Engineering, Systems Simulation, Computing and Connectivity Technologies, Sensor Networks Technologies, Sensor Data Fusion","","Summer and Winter Semester","Local admission restriction","https://www.daad.de/en/studying-in-germany/universities/all-degree-programmes/detail/technische-hochschule-ingolstadt-ai-engineering-of-autonomous-systems-w67521/?hec-id=w67521"
"240","38","MAYBE","University","University of Mannheim","Business computing","Master of Science, Master","Mannheim","Baden-Württemberg","Information Systems and Management","","","Summer and Winter Semester","Local admission restriction","https://www.daad.de/en/studying-in-germany/universities/all-degree-programmes/detail/university-of-mannheim-business-computing-w26555/?hec-id=w26555"
"241","38","MAYBE","University","University of Mannheim","Mannheim Master in Management Analytics and AI","Master of Arts, Master","Mannheim","Baden-Württemberg","Data Science","Financial Analytics, Marketing Analytics, Strategic Management, Data Management, Decision Technology, Data Science for Business, Data Visualisation & Storytelling, Introduction into Machine Learning, Computer Vision & Image Mining","14500","Summer Semester only","Selection procedure / qualifying examination","https://www.daad.de/en/studying-in-germany/universities/all-degree-programmes/detail/university-of-mannheim-mannheim-master-in-management-analytics-and-ai-w64074/?hec-id=w64074"
"242","38","MAYBE","University","University of Mannheim","Mannheim Master of Applied Data Science & Measurement","Master of Science, Master","Mannheim","Baden-Württemberg","Statistics, Data Science","Research Questions, Data Generating Process, Data Curation/Storage, Data Analysis, Data Output/Access","11250","Admission only in the summer quarter","Selection procedure / qualifying examination","https://www.daad.de/en/studying-in-germany/universities/all-degree-programmes/detail/university-of-mannheim-mannheim-master-of-applied-data-science-measurement-w64350/?hec-id=w64350"
"243","38","MAYBE","University","University of Münster","Information Systems","Master of Science, Master","Münster","North Rhine-Westphalia","Information Systems and Management","","","Summer and Winter Semester","Local admission restriction","https://www.daad.de/en/studying-in-germany/universities/all-degree-programmes/detail/university-of-muenster-information-systems-w22519/?hec-id=w22519"
"244","36","MAYBE","Private","Constructor University","Computer Science and Software Engineering","Master of Science, Master","Bremen","Bremen","Artificial Intelligence, Computer Science, Software Engineering","","20000","Winter Semester only","Selection procedure / qualifying examination","https://www.daad.de/en/studying-in-germany/universities/all-degree-programmes/detail/constructor-university-computer-science-and-software-engineering-w68298/?hec-id=w68298"
